Copyright 1986-2022 Xilinx, Inc. All Rights Reserved.
------------------------------------------------------------------------------------------------------------------------------------------------------------------------------------------------------------------------------
| Tool Version : Vivado v.2022.2 (win64) Build 3671981 Fri Oct 14 05:00:03 MDT 2022
| Date         : Sun Dec 22 18:43:54 2024
| Host         : GaGa running 64-bit major release  (build 9200)
| Command      : report_timing_summary -max_paths 10 -report_unconstrained -file pen_plotter_timing_summary_routed.rpt -pb pen_plotter_timing_summary_routed.pb -rpx pen_plotter_timing_summary_routed.rpx -warn_on_violation
| Design       : pen_plotter
| Device       : 7a35t-cpg236
| Speed File   : -1  PRODUCTION 1.23 2018-06-13
------------------------------------------------------------------------------------------------------------------------------------------------------------------------------------------------------------------------------

Timing Summary Report

------------------------------------------------------------------------------------------------
| Timer Settings
| --------------
------------------------------------------------------------------------------------------------

  Enable Multi Corner Analysis               :  Yes
  Enable Pessimism Removal                   :  Yes
  Pessimism Removal Resolution               :  Nearest Common Node
  Enable Input Delay Default Clock           :  No
  Enable Preset / Clear Arcs                 :  No
  Disable Flight Delays                      :  No
  Ignore I/O Paths                           :  No
  Timing Early Launch at Borrowing Latches   :  No
  Borrow Time for Max Delay Exceptions       :  Yes
  Merge Timing Exceptions                    :  Yes

  Corner  Analyze    Analyze    
  Name    Max Paths  Min Paths  
  ------  ---------  ---------  
  Slow    Yes        Yes        
  Fast    Yes        Yes        


------------------------------------------------------------------------------------------------
| Report Methodology
| ------------------
------------------------------------------------------------------------------------------------

Rule       Severity  Description                    Violations  
---------  --------  -----------------------------  ----------  
TIMING-18  Warning   Missing input or output delay  16          

Note: This report is based on the most recent report_methodology run and may not be up-to-date. Run report_methodology on the current design for the latest report.



check_timing report

Table of Contents
-----------------
1. checking no_clock (0)
2. checking constant_clock (0)
3. checking pulse_width_clock (0)
4. checking unconstrained_internal_endpoints (0)
5. checking no_input_delay (3)
6. checking no_output_delay (13)
7. checking multiple_clock (0)
8. checking generated_clocks (0)
9. checking loops (0)
10. checking partial_input_delay (0)
11. checking partial_output_delay (0)
12. checking latch_loops (0)

1. checking no_clock (0)
------------------------
 There are 0 register/latch pins with no clock.


2. checking constant_clock (0)
------------------------------
 There are 0 register/latch pins with constant_clock.


3. checking pulse_width_clock (0)
---------------------------------
 There are 0 register/latch pins which need pulse_width check


4. checking unconstrained_internal_endpoints (0)
------------------------------------------------
 There are 0 pins that are not constrained for maximum delay.

 There are 0 pins that are not constrained for maximum delay due to constant clock.


5. checking no_input_delay (3)
------------------------------
 There are 3 input ports with no input delay specified. (HIGH)

 There are 0 input ports with no input delay but user has a false path constraint.


6. checking no_output_delay (13)
--------------------------------
 There are 13 ports with no output delay specified. (HIGH)

 There are 0 ports with no output delay but user has a false path constraint

 There are 0 ports with no output delay but with a timing clock defined on it or propagating through it


7. checking multiple_clock (0)
------------------------------
 There are 0 register/latch pins with multiple clocks.


8. checking generated_clocks (0)
--------------------------------
 There are 0 generated clocks that are not connected to a clock source.


9. checking loops (0)
---------------------
 There are 0 combinational loops in the design.


10. checking partial_input_delay (0)
------------------------------------
 There are 0 input ports with partial input delay specified.


11. checking partial_output_delay (0)
-------------------------------------
 There are 0 ports with partial output delay specified.


12. checking latch_loops (0)
----------------------------
 There are 0 combinational latch loops in the design through latch input



------------------------------------------------------------------------------------------------
| Design Timing Summary
| ---------------------
------------------------------------------------------------------------------------------------

    WNS(ns)      TNS(ns)  TNS Failing Endpoints  TNS Total Endpoints      WHS(ns)      THS(ns)  THS Failing Endpoints  THS Total Endpoints     WPWS(ns)     TPWS(ns)  TPWS Failing Endpoints  TPWS Total Endpoints  
    -------      -------  ---------------------  -------------------      -------      -------  ---------------------  -------------------     --------     --------  ----------------------  --------------------  
      3.636        0.000                      0                  346        0.142        0.000                      0                  346        4.500        0.000                       0                   151  


All user specified timing constraints are met.


------------------------------------------------------------------------------------------------
| Clock Summary
| -------------
------------------------------------------------------------------------------------------------

Clock        Waveform(ns)       Period(ns)      Frequency(MHz)
-----        ------------       ----------      --------------
sys_clk_pin  {0.000 5.000}      10.000          100.000         


------------------------------------------------------------------------------------------------
| Intra Clock Table
| -----------------
------------------------------------------------------------------------------------------------

Clock             WNS(ns)      TNS(ns)  TNS Failing Endpoints  TNS Total Endpoints      WHS(ns)      THS(ns)  THS Failing Endpoints  THS Total Endpoints     WPWS(ns)     TPWS(ns)  TPWS Failing Endpoints  TPWS Total Endpoints  
-----             -------      -------  ---------------------  -------------------      -------      -------  ---------------------  -------------------     --------     --------  ----------------------  --------------------  
sys_clk_pin         3.636        0.000                      0                  346        0.142        0.000                      0                  346        4.500        0.000                       0                   151  


------------------------------------------------------------------------------------------------
| Inter Clock Table
| -----------------
------------------------------------------------------------------------------------------------

From Clock    To Clock          WNS(ns)      TNS(ns)  TNS Failing Endpoints  TNS Total Endpoints      WHS(ns)      THS(ns)  THS Failing Endpoints  THS Total Endpoints  
----------    --------          -------      -------  ---------------------  -------------------      -------      -------  ---------------------  -------------------  


------------------------------------------------------------------------------------------------
| Other Path Groups Table
| -----------------------
------------------------------------------------------------------------------------------------

Path Group    From Clock    To Clock          WNS(ns)      TNS(ns)  TNS Failing Endpoints  TNS Total Endpoints      WHS(ns)      THS(ns)  THS Failing Endpoints  THS Total Endpoints  
----------    ----------    --------          -------      -------  ---------------------  -------------------      -------      -------  ---------------------  -------------------  


------------------------------------------------------------------------------------------------
| User Ignored Path Table
| -----------------------
------------------------------------------------------------------------------------------------

Path Group    From Clock    To Clock    
----------    ----------    --------    


------------------------------------------------------------------------------------------------
| Unconstrained Path Table
| ------------------------
------------------------------------------------------------------------------------------------

Path Group    From Clock    To Clock    
----------    ----------    --------    
(none)                                    
(none)        sys_clk_pin                 
(none)                      sys_clk_pin   


------------------------------------------------------------------------------------------------
| Timing Details
| --------------
------------------------------------------------------------------------------------------------


---------------------------------------------------------------------------------------------------
From Clock:  sys_clk_pin
  To Clock:  sys_clk_pin

Setup :            0  Failing Endpoints,  Worst Slack        3.636ns,  Total Violation        0.000ns
Hold  :            0  Failing Endpoints,  Worst Slack        0.142ns,  Total Violation        0.000ns
PW    :            0  Failing Endpoints,  Worst Slack        4.500ns,  Total Violation        0.000ns
---------------------------------------------------------------------------------------------------


Max Delay Paths
--------------------------------------------------------------------------------------
Slack (MET) :             3.636ns  (required time - arrival time)
  Source:                 servo_motor/control_reg[3]/C
                            (rising edge-triggered cell FDRE clocked by sys_clk_pin  {rise@0.000ns fall@5.000ns period=10.000ns})
  Destination:            servo_motor/control_reg[16]/R
                            (rising edge-triggered cell FDRE clocked by sys_clk_pin  {rise@0.000ns fall@5.000ns period=10.000ns})
  Path Group:             sys_clk_pin
  Path Type:              Setup (Max at Slow Process Corner)
  Requirement:            10.000ns  (sys_clk_pin rise@10.000ns - sys_clk_pin rise@0.000ns)
  Data Path Delay:        5.872ns  (logic 2.129ns (36.254%)  route 3.743ns (63.746%))
  Logic Levels:           7  (CARRY4=3 LUT1=1 LUT3=1 LUT6=2)
  Clock Path Skew:        -0.027ns (DCD - SCD + CPR)
    Destination Clock Delay (DCD):    4.857ns = ( 14.857 - 10.000 ) 
    Source Clock Delay      (SCD):    5.158ns
    Clock Pessimism Removal (CPR):    0.274ns
  Clock Uncertainty:      0.035ns  ((TSJ^2 + TIJ^2)^1/2 + DJ) / 2 + PE
    Total System Jitter     (TSJ):    0.071ns
    Total Input Jitter      (TIJ):    0.000ns
    Discrete Jitter          (DJ):    0.000ns
    Phase Error              (PE):    0.000ns

    Location             Delay type                Incr(ns)  Path(ns)    Netlist Resource(s)
  -------------------------------------------------------------------    -------------------
                         (clock sys_clk_pin rise edge)
                                                      0.000     0.000 r  
    W5                                                0.000     0.000 r  clk (IN)
                         net (fo=0)                   0.000     0.000    clk
    W5                   IBUF (Prop_ibuf_I_O)         1.458     1.458 r  clk_IBUF_inst/O
                         net (fo=1, routed)           1.967     3.425    clk_IBUF
    BUFGCTRL_X0Y0        BUFG (Prop_bufg_I_O)         0.096     3.521 r  clk_IBUF_BUFG_inst/O
                         net (fo=150, routed)         1.637     5.158    servo_motor/clk_IBUF_BUFG
    SLICE_X59Y4          FDRE                                         r  servo_motor/control_reg[3]/C
  -------------------------------------------------------------------    -------------------
    SLICE_X59Y4          FDRE (Prop_fdre_C_Q)         0.456     5.614 f  servo_motor/control_reg[3]/Q
                         net (fo=11, routed)          0.628     6.243    servo_motor/control_reg_n_0_[3]
    SLICE_X61Y6          LUT1 (Prop_lut1_I0_O)        0.124     6.367 r  servo_motor/i__carry_i_3/O
                         net (fo=1, routed)           0.000     6.367    servo_motor/i__carry_i_3_n_0
    SLICE_X61Y6          CARRY4 (Prop_carry4_S[1]_CO[3])
                                                      0.550     6.917 r  servo_motor/control3_inferred__0/i__carry/CO[3]
                         net (fo=1, routed)           0.000     6.917    servo_motor/control3_inferred__0/i__carry_n_0
    SLICE_X61Y7          CARRY4 (Prop_carry4_CI_CO[3])
                                                      0.114     7.031 r  servo_motor/control3_inferred__0/i__carry__0/CO[3]
                         net (fo=1, routed)           0.000     7.031    servo_motor/control3_inferred__0/i__carry__0_n_0
    SLICE_X61Y8          CARRY4 (Prop_carry4_CI_O[1])
                                                      0.334     7.365 f  servo_motor/control3_inferred__0/i__carry__1/O[1]
                         net (fo=1, routed)           0.974     8.339    servo_motor/control3_inferred__0/i__carry__1_n_6
    SLICE_X63Y8          LUT3 (Prop_lut3_I0_O)        0.303     8.642 r  servo_motor/control[18]_i_14/O
                         net (fo=2, routed)           0.509     9.150    servo_motor/control[18]_i_14_n_0
    SLICE_X62Y8          LUT6 (Prop_lut6_I3_O)        0.124     9.274 r  servo_motor/control[18]_i_4/O
                         net (fo=5, routed)           0.758    10.032    servo_motor/control[18]_i_4_n_0
    SLICE_X62Y5          LUT6 (Prop_lut6_I1_O)        0.124    10.156 r  servo_motor/control[18]_i_1/O
                         net (fo=9, routed)           0.874    11.031    servo_motor/p_0_in[18]
    SLICE_X59Y9          FDRE                                         r  servo_motor/control_reg[16]/R
  -------------------------------------------------------------------    -------------------

                         (clock sys_clk_pin rise edge)
                                                     10.000    10.000 r  
    W5                                                0.000    10.000 r  clk (IN)
                         net (fo=0)                   0.000    10.000    clk
    W5                   IBUF (Prop_ibuf_I_O)         1.388    11.388 r  clk_IBUF_inst/O
                         net (fo=1, routed)           1.862    13.250    clk_IBUF
    BUFGCTRL_X0Y0        BUFG (Prop_bufg_I_O)         0.091    13.341 r  clk_IBUF_BUFG_inst/O
                         net (fo=150, routed)         1.516    14.857    servo_motor/clk_IBUF_BUFG
    SLICE_X59Y9          FDRE                                         r  servo_motor/control_reg[16]/C
                         clock pessimism              0.274    15.131    
                         clock uncertainty           -0.035    15.096    
    SLICE_X59Y9          FDRE (Setup_fdre_C_R)       -0.429    14.667    servo_motor/control_reg[16]
  -------------------------------------------------------------------
                         required time                         14.667    
                         arrival time                         -11.031    
  -------------------------------------------------------------------
                         slack                                  3.636    

Slack (MET) :             3.636ns  (required time - arrival time)
  Source:                 servo_motor/control_reg[3]/C
                            (rising edge-triggered cell FDRE clocked by sys_clk_pin  {rise@0.000ns fall@5.000ns period=10.000ns})
  Destination:            servo_motor/control_reg[18]/R
                            (rising edge-triggered cell FDRE clocked by sys_clk_pin  {rise@0.000ns fall@5.000ns period=10.000ns})
  Path Group:             sys_clk_pin
  Path Type:              Setup (Max at Slow Process Corner)
  Requirement:            10.000ns  (sys_clk_pin rise@10.000ns - sys_clk_pin rise@0.000ns)
  Data Path Delay:        5.872ns  (logic 2.129ns (36.254%)  route 3.743ns (63.746%))
  Logic Levels:           7  (CARRY4=3 LUT1=1 LUT3=1 LUT6=2)
  Clock Path Skew:        -0.027ns (DCD - SCD + CPR)
    Destination Clock Delay (DCD):    4.857ns = ( 14.857 - 10.000 ) 
    Source Clock Delay      (SCD):    5.158ns
    Clock Pessimism Removal (CPR):    0.274ns
  Clock Uncertainty:      0.035ns  ((TSJ^2 + TIJ^2)^1/2 + DJ) / 2 + PE
    Total System Jitter     (TSJ):    0.071ns
    Total Input Jitter      (TIJ):    0.000ns
    Discrete Jitter          (DJ):    0.000ns
    Phase Error              (PE):    0.000ns

    Location             Delay type                Incr(ns)  Path(ns)    Netlist Resource(s)
  -------------------------------------------------------------------    -------------------
                         (clock sys_clk_pin rise edge)
                                                      0.000     0.000 r  
    W5                                                0.000     0.000 r  clk (IN)
                         net (fo=0)                   0.000     0.000    clk
    W5                   IBUF (Prop_ibuf_I_O)         1.458     1.458 r  clk_IBUF_inst/O
                         net (fo=1, routed)           1.967     3.425    clk_IBUF
    BUFGCTRL_X0Y0        BUFG (Prop_bufg_I_O)         0.096     3.521 r  clk_IBUF_BUFG_inst/O
                         net (fo=150, routed)         1.637     5.158    servo_motor/clk_IBUF_BUFG
    SLICE_X59Y4          FDRE                                         r  servo_motor/control_reg[3]/C
  -------------------------------------------------------------------    -------------------
    SLICE_X59Y4          FDRE (Prop_fdre_C_Q)         0.456     5.614 f  servo_motor/control_reg[3]/Q
                         net (fo=11, routed)          0.628     6.243    servo_motor/control_reg_n_0_[3]
    SLICE_X61Y6          LUT1 (Prop_lut1_I0_O)        0.124     6.367 r  servo_motor/i__carry_i_3/O
                         net (fo=1, routed)           0.000     6.367    servo_motor/i__carry_i_3_n_0
    SLICE_X61Y6          CARRY4 (Prop_carry4_S[1]_CO[3])
                                                      0.550     6.917 r  servo_motor/control3_inferred__0/i__carry/CO[3]
                         net (fo=1, routed)           0.000     6.917    servo_motor/control3_inferred__0/i__carry_n_0
    SLICE_X61Y7          CARRY4 (Prop_carry4_CI_CO[3])
                                                      0.114     7.031 r  servo_motor/control3_inferred__0/i__carry__0/CO[3]
                         net (fo=1, routed)           0.000     7.031    servo_motor/control3_inferred__0/i__carry__0_n_0
    SLICE_X61Y8          CARRY4 (Prop_carry4_CI_O[1])
                                                      0.334     7.365 f  servo_motor/control3_inferred__0/i__carry__1/O[1]
                         net (fo=1, routed)           0.974     8.339    servo_motor/control3_inferred__0/i__carry__1_n_6
    SLICE_X63Y8          LUT3 (Prop_lut3_I0_O)        0.303     8.642 r  servo_motor/control[18]_i_14/O
                         net (fo=2, routed)           0.509     9.150    servo_motor/control[18]_i_14_n_0
    SLICE_X62Y8          LUT6 (Prop_lut6_I3_O)        0.124     9.274 r  servo_motor/control[18]_i_4/O
                         net (fo=5, routed)           0.758    10.032    servo_motor/control[18]_i_4_n_0
    SLICE_X62Y5          LUT6 (Prop_lut6_I1_O)        0.124    10.156 r  servo_motor/control[18]_i_1/O
                         net (fo=9, routed)           0.874    11.031    servo_motor/p_0_in[18]
    SLICE_X59Y9          FDRE                                         r  servo_motor/control_reg[18]/R
  -------------------------------------------------------------------    -------------------

                         (clock sys_clk_pin rise edge)
                                                     10.000    10.000 r  
    W5                                                0.000    10.000 r  clk (IN)
                         net (fo=0)                   0.000    10.000    clk
    W5                   IBUF (Prop_ibuf_I_O)         1.388    11.388 r  clk_IBUF_inst/O
                         net (fo=1, routed)           1.862    13.250    clk_IBUF
    BUFGCTRL_X0Y0        BUFG (Prop_bufg_I_O)         0.091    13.341 r  clk_IBUF_BUFG_inst/O
                         net (fo=150, routed)         1.516    14.857    servo_motor/clk_IBUF_BUFG
    SLICE_X59Y9          FDRE                                         r  servo_motor/control_reg[18]/C
                         clock pessimism              0.274    15.131    
                         clock uncertainty           -0.035    15.096    
    SLICE_X59Y9          FDRE (Setup_fdre_C_R)       -0.429    14.667    servo_motor/control_reg[18]
  -------------------------------------------------------------------
                         required time                         14.667    
                         arrival time                         -11.031    
  -------------------------------------------------------------------
                         slack                                  3.636    

Slack (MET) :             3.855ns  (required time - arrival time)
  Source:                 servo_motor/control_reg[3]/C
                            (rising edge-triggered cell FDRE clocked by sys_clk_pin  {rise@0.000ns fall@5.000ns period=10.000ns})
  Destination:            servo_motor/control_reg[4]/S
                            (rising edge-triggered cell FDSE clocked by sys_clk_pin  {rise@0.000ns fall@5.000ns period=10.000ns})
  Path Group:             sys_clk_pin
  Path Type:              Setup (Max at Slow Process Corner)
  Requirement:            10.000ns  (sys_clk_pin rise@10.000ns - sys_clk_pin rise@0.000ns)
  Data Path Delay:        5.656ns  (logic 2.129ns (37.642%)  route 3.527ns (62.358%))
  Logic Levels:           7  (CARRY4=3 LUT1=1 LUT3=1 LUT6=2)
  Clock Path Skew:        -0.025ns (DCD - SCD + CPR)
    Destination Clock Delay (DCD):    4.859ns = ( 14.859 - 10.000 ) 
    Source Clock Delay      (SCD):    5.158ns
    Clock Pessimism Removal (CPR):    0.274ns
  Clock Uncertainty:      0.035ns  ((TSJ^2 + TIJ^2)^1/2 + DJ) / 2 + PE
    Total System Jitter     (TSJ):    0.071ns
    Total Input Jitter      (TIJ):    0.000ns
    Discrete Jitter          (DJ):    0.000ns
    Phase Error              (PE):    0.000ns

    Location             Delay type                Incr(ns)  Path(ns)    Netlist Resource(s)
  -------------------------------------------------------------------    -------------------
                         (clock sys_clk_pin rise edge)
                                                      0.000     0.000 r  
    W5                                                0.000     0.000 r  clk (IN)
                         net (fo=0)                   0.000     0.000    clk
    W5                   IBUF (Prop_ibuf_I_O)         1.458     1.458 r  clk_IBUF_inst/O
                         net (fo=1, routed)           1.967     3.425    clk_IBUF
    BUFGCTRL_X0Y0        BUFG (Prop_bufg_I_O)         0.096     3.521 r  clk_IBUF_BUFG_inst/O
                         net (fo=150, routed)         1.637     5.158    servo_motor/clk_IBUF_BUFG
    SLICE_X59Y4          FDRE                                         r  servo_motor/control_reg[3]/C
  -------------------------------------------------------------------    -------------------
    SLICE_X59Y4          FDRE (Prop_fdre_C_Q)         0.456     5.614 f  servo_motor/control_reg[3]/Q
                         net (fo=11, routed)          0.628     6.243    servo_motor/control_reg_n_0_[3]
    SLICE_X61Y6          LUT1 (Prop_lut1_I0_O)        0.124     6.367 r  servo_motor/i__carry_i_3/O
                         net (fo=1, routed)           0.000     6.367    servo_motor/i__carry_i_3_n_0
    SLICE_X61Y6          CARRY4 (Prop_carry4_S[1]_CO[3])
                                                      0.550     6.917 r  servo_motor/control3_inferred__0/i__carry/CO[3]
                         net (fo=1, routed)           0.000     6.917    servo_motor/control3_inferred__0/i__carry_n_0
    SLICE_X61Y7          CARRY4 (Prop_carry4_CI_CO[3])
                                                      0.114     7.031 r  servo_motor/control3_inferred__0/i__carry__0/CO[3]
                         net (fo=1, routed)           0.000     7.031    servo_motor/control3_inferred__0/i__carry__0_n_0
    SLICE_X61Y8          CARRY4 (Prop_carry4_CI_O[1])
                                                      0.334     7.365 f  servo_motor/control3_inferred__0/i__carry__1/O[1]
                         net (fo=1, routed)           0.974     8.339    servo_motor/control3_inferred__0/i__carry__1_n_6
    SLICE_X63Y8          LUT3 (Prop_lut3_I0_O)        0.303     8.642 r  servo_motor/control[18]_i_14/O
                         net (fo=2, routed)           0.509     9.150    servo_motor/control[18]_i_14_n_0
    SLICE_X62Y8          LUT6 (Prop_lut6_I3_O)        0.124     9.274 r  servo_motor/control[18]_i_4/O
                         net (fo=5, routed)           0.758    10.032    servo_motor/control[18]_i_4_n_0
    SLICE_X62Y5          LUT6 (Prop_lut6_I1_O)        0.124    10.156 r  servo_motor/control[18]_i_1/O
                         net (fo=9, routed)           0.658    10.814    servo_motor/p_0_in[18]
    SLICE_X61Y4          FDSE                                         r  servo_motor/control_reg[4]/S
  -------------------------------------------------------------------    -------------------

                         (clock sys_clk_pin rise edge)
                                                     10.000    10.000 r  
    W5                                                0.000    10.000 r  clk (IN)
                         net (fo=0)                   0.000    10.000    clk
    W5                   IBUF (Prop_ibuf_I_O)         1.388    11.388 r  clk_IBUF_inst/O
                         net (fo=1, routed)           1.862    13.250    clk_IBUF
    BUFGCTRL_X0Y0        BUFG (Prop_bufg_I_O)         0.091    13.341 r  clk_IBUF_BUFG_inst/O
                         net (fo=150, routed)         1.518    14.859    servo_motor/clk_IBUF_BUFG
    SLICE_X61Y4          FDSE                                         r  servo_motor/control_reg[4]/C
                         clock pessimism              0.274    15.133    
                         clock uncertainty           -0.035    15.098    
    SLICE_X61Y4          FDSE (Setup_fdse_C_S)       -0.429    14.669    servo_motor/control_reg[4]
  -------------------------------------------------------------------
                         required time                         14.669    
                         arrival time                         -10.814    
  -------------------------------------------------------------------
                         slack                                  3.855    

Slack (MET) :             3.855ns  (required time - arrival time)
  Source:                 servo_motor/control_reg[3]/C
                            (rising edge-triggered cell FDRE clocked by sys_clk_pin  {rise@0.000ns fall@5.000ns period=10.000ns})
  Destination:            servo_motor/control_reg[7]/S
                            (rising edge-triggered cell FDSE clocked by sys_clk_pin  {rise@0.000ns fall@5.000ns period=10.000ns})
  Path Group:             sys_clk_pin
  Path Type:              Setup (Max at Slow Process Corner)
  Requirement:            10.000ns  (sys_clk_pin rise@10.000ns - sys_clk_pin rise@0.000ns)
  Data Path Delay:        5.656ns  (logic 2.129ns (37.642%)  route 3.527ns (62.358%))
  Logic Levels:           7  (CARRY4=3 LUT1=1 LUT3=1 LUT6=2)
  Clock Path Skew:        -0.025ns (DCD - SCD + CPR)
    Destination Clock Delay (DCD):    4.859ns = ( 14.859 - 10.000 ) 
    Source Clock Delay      (SCD):    5.158ns
    Clock Pessimism Removal (CPR):    0.274ns
  Clock Uncertainty:      0.035ns  ((TSJ^2 + TIJ^2)^1/2 + DJ) / 2 + PE
    Total System Jitter     (TSJ):    0.071ns
    Total Input Jitter      (TIJ):    0.000ns
    Discrete Jitter          (DJ):    0.000ns
    Phase Error              (PE):    0.000ns

    Location             Delay type                Incr(ns)  Path(ns)    Netlist Resource(s)
  -------------------------------------------------------------------    -------------------
                         (clock sys_clk_pin rise edge)
                                                      0.000     0.000 r  
    W5                                                0.000     0.000 r  clk (IN)
                         net (fo=0)                   0.000     0.000    clk
    W5                   IBUF (Prop_ibuf_I_O)         1.458     1.458 r  clk_IBUF_inst/O
                         net (fo=1, routed)           1.967     3.425    clk_IBUF
    BUFGCTRL_X0Y0        BUFG (Prop_bufg_I_O)         0.096     3.521 r  clk_IBUF_BUFG_inst/O
                         net (fo=150, routed)         1.637     5.158    servo_motor/clk_IBUF_BUFG
    SLICE_X59Y4          FDRE                                         r  servo_motor/control_reg[3]/C
  -------------------------------------------------------------------    -------------------
    SLICE_X59Y4          FDRE (Prop_fdre_C_Q)         0.456     5.614 f  servo_motor/control_reg[3]/Q
                         net (fo=11, routed)          0.628     6.243    servo_motor/control_reg_n_0_[3]
    SLICE_X61Y6          LUT1 (Prop_lut1_I0_O)        0.124     6.367 r  servo_motor/i__carry_i_3/O
                         net (fo=1, routed)           0.000     6.367    servo_motor/i__carry_i_3_n_0
    SLICE_X61Y6          CARRY4 (Prop_carry4_S[1]_CO[3])
                                                      0.550     6.917 r  servo_motor/control3_inferred__0/i__carry/CO[3]
                         net (fo=1, routed)           0.000     6.917    servo_motor/control3_inferred__0/i__carry_n_0
    SLICE_X61Y7          CARRY4 (Prop_carry4_CI_CO[3])
                                                      0.114     7.031 r  servo_motor/control3_inferred__0/i__carry__0/CO[3]
                         net (fo=1, routed)           0.000     7.031    servo_motor/control3_inferred__0/i__carry__0_n_0
    SLICE_X61Y8          CARRY4 (Prop_carry4_CI_O[1])
                                                      0.334     7.365 f  servo_motor/control3_inferred__0/i__carry__1/O[1]
                         net (fo=1, routed)           0.974     8.339    servo_motor/control3_inferred__0/i__carry__1_n_6
    SLICE_X63Y8          LUT3 (Prop_lut3_I0_O)        0.303     8.642 r  servo_motor/control[18]_i_14/O
                         net (fo=2, routed)           0.509     9.150    servo_motor/control[18]_i_14_n_0
    SLICE_X62Y8          LUT6 (Prop_lut6_I3_O)        0.124     9.274 r  servo_motor/control[18]_i_4/O
                         net (fo=5, routed)           0.758    10.032    servo_motor/control[18]_i_4_n_0
    SLICE_X62Y5          LUT6 (Prop_lut6_I1_O)        0.124    10.156 r  servo_motor/control[18]_i_1/O
                         net (fo=9, routed)           0.658    10.814    servo_motor/p_0_in[18]
    SLICE_X61Y4          FDSE                                         r  servo_motor/control_reg[7]/S
  -------------------------------------------------------------------    -------------------

                         (clock sys_clk_pin rise edge)
                                                     10.000    10.000 r  
    W5                                                0.000    10.000 r  clk (IN)
                         net (fo=0)                   0.000    10.000    clk
    W5                   IBUF (Prop_ibuf_I_O)         1.388    11.388 r  clk_IBUF_inst/O
                         net (fo=1, routed)           1.862    13.250    clk_IBUF
    BUFGCTRL_X0Y0        BUFG (Prop_bufg_I_O)         0.091    13.341 r  clk_IBUF_BUFG_inst/O
                         net (fo=150, routed)         1.518    14.859    servo_motor/clk_IBUF_BUFG
    SLICE_X61Y4          FDSE                                         r  servo_motor/control_reg[7]/C
                         clock pessimism              0.274    15.133    
                         clock uncertainty           -0.035    15.098    
    SLICE_X61Y4          FDSE (Setup_fdse_C_S)       -0.429    14.669    servo_motor/control_reg[7]
  -------------------------------------------------------------------
                         required time                         14.669    
                         arrival time                         -10.814    
  -------------------------------------------------------------------
                         slack                                  3.855    

Slack (MET) :             3.862ns  (required time - arrival time)
  Source:                 servo_motor/control_reg[3]/C
                            (rising edge-triggered cell FDRE clocked by sys_clk_pin  {rise@0.000ns fall@5.000ns period=10.000ns})
  Destination:            servo_motor/control_reg[10]/R
                            (rising edge-triggered cell FDRE clocked by sys_clk_pin  {rise@0.000ns fall@5.000ns period=10.000ns})
  Path Group:             sys_clk_pin
  Path Type:              Setup (Max at Slow Process Corner)
  Requirement:            10.000ns  (sys_clk_pin rise@10.000ns - sys_clk_pin rise@0.000ns)
  Data Path Delay:        5.634ns  (logic 2.129ns (37.787%)  route 3.505ns (62.213%))
  Logic Levels:           7  (CARRY4=3 LUT1=1 LUT3=1 LUT6=2)
  Clock Path Skew:        -0.039ns (DCD - SCD + CPR)
    Destination Clock Delay (DCD):    4.859ns = ( 14.859 - 10.000 ) 
    Source Clock Delay      (SCD):    5.158ns
    Clock Pessimism Removal (CPR):    0.260ns
  Clock Uncertainty:      0.035ns  ((TSJ^2 + TIJ^2)^1/2 + DJ) / 2 + PE
    Total System Jitter     (TSJ):    0.071ns
    Total Input Jitter      (TIJ):    0.000ns
    Discrete Jitter          (DJ):    0.000ns
    Phase Error              (PE):    0.000ns

    Location             Delay type                Incr(ns)  Path(ns)    Netlist Resource(s)
  -------------------------------------------------------------------    -------------------
                         (clock sys_clk_pin rise edge)
                                                      0.000     0.000 r  
    W5                                                0.000     0.000 r  clk (IN)
                         net (fo=0)                   0.000     0.000    clk
    W5                   IBUF (Prop_ibuf_I_O)         1.458     1.458 r  clk_IBUF_inst/O
                         net (fo=1, routed)           1.967     3.425    clk_IBUF
    BUFGCTRL_X0Y0        BUFG (Prop_bufg_I_O)         0.096     3.521 r  clk_IBUF_BUFG_inst/O
                         net (fo=150, routed)         1.637     5.158    servo_motor/clk_IBUF_BUFG
    SLICE_X59Y4          FDRE                                         r  servo_motor/control_reg[3]/C
  -------------------------------------------------------------------    -------------------
    SLICE_X59Y4          FDRE (Prop_fdre_C_Q)         0.456     5.614 f  servo_motor/control_reg[3]/Q
                         net (fo=11, routed)          0.628     6.243    servo_motor/control_reg_n_0_[3]
    SLICE_X61Y6          LUT1 (Prop_lut1_I0_O)        0.124     6.367 r  servo_motor/i__carry_i_3/O
                         net (fo=1, routed)           0.000     6.367    servo_motor/i__carry_i_3_n_0
    SLICE_X61Y6          CARRY4 (Prop_carry4_S[1]_CO[3])
                                                      0.550     6.917 r  servo_motor/control3_inferred__0/i__carry/CO[3]
                         net (fo=1, routed)           0.000     6.917    servo_motor/control3_inferred__0/i__carry_n_0
    SLICE_X61Y7          CARRY4 (Prop_carry4_CI_CO[3])
                                                      0.114     7.031 r  servo_motor/control3_inferred__0/i__carry__0/CO[3]
                         net (fo=1, routed)           0.000     7.031    servo_motor/control3_inferred__0/i__carry__0_n_0
    SLICE_X61Y8          CARRY4 (Prop_carry4_CI_O[1])
                                                      0.334     7.365 f  servo_motor/control3_inferred__0/i__carry__1/O[1]
                         net (fo=1, routed)           0.974     8.339    servo_motor/control3_inferred__0/i__carry__1_n_6
    SLICE_X63Y8          LUT3 (Prop_lut3_I0_O)        0.303     8.642 r  servo_motor/control[18]_i_14/O
                         net (fo=2, routed)           0.509     9.150    servo_motor/control[18]_i_14_n_0
    SLICE_X62Y8          LUT6 (Prop_lut6_I3_O)        0.124     9.274 r  servo_motor/control[18]_i_4/O
                         net (fo=5, routed)           0.758    10.032    servo_motor/control[18]_i_4_n_0
    SLICE_X62Y5          LUT6 (Prop_lut6_I1_O)        0.124    10.156 r  servo_motor/control[18]_i_1/O
                         net (fo=9, routed)           0.636    10.793    servo_motor/p_0_in[18]
    SLICE_X62Y7          FDRE                                         r  servo_motor/control_reg[10]/R
  -------------------------------------------------------------------    -------------------

                         (clock sys_clk_pin rise edge)
                                                     10.000    10.000 r  
    W5                                                0.000    10.000 r  clk (IN)
                         net (fo=0)                   0.000    10.000    clk
    W5                   IBUF (Prop_ibuf_I_O)         1.388    11.388 r  clk_IBUF_inst/O
                         net (fo=1, routed)           1.862    13.250    clk_IBUF
    BUFGCTRL_X0Y0        BUFG (Prop_bufg_I_O)         0.091    13.341 r  clk_IBUF_BUFG_inst/O
                         net (fo=150, routed)         1.518    14.859    servo_motor/clk_IBUF_BUFG
    SLICE_X62Y7          FDRE                                         r  servo_motor/control_reg[10]/C
                         clock pessimism              0.260    15.119    
                         clock uncertainty           -0.035    15.084    
    SLICE_X62Y7          FDRE (Setup_fdre_C_R)       -0.429    14.655    servo_motor/control_reg[10]
  -------------------------------------------------------------------
                         required time                         14.655    
                         arrival time                         -10.793    
  -------------------------------------------------------------------
                         slack                                  3.862    

Slack (MET) :             3.862ns  (required time - arrival time)
  Source:                 servo_motor/control_reg[3]/C
                            (rising edge-triggered cell FDRE clocked by sys_clk_pin  {rise@0.000ns fall@5.000ns period=10.000ns})
  Destination:            servo_motor/control_reg[12]/S
                            (rising edge-triggered cell FDSE clocked by sys_clk_pin  {rise@0.000ns fall@5.000ns period=10.000ns})
  Path Group:             sys_clk_pin
  Path Type:              Setup (Max at Slow Process Corner)
  Requirement:            10.000ns  (sys_clk_pin rise@10.000ns - sys_clk_pin rise@0.000ns)
  Data Path Delay:        5.634ns  (logic 2.129ns (37.787%)  route 3.505ns (62.213%))
  Logic Levels:           7  (CARRY4=3 LUT1=1 LUT3=1 LUT6=2)
  Clock Path Skew:        -0.039ns (DCD - SCD + CPR)
    Destination Clock Delay (DCD):    4.859ns = ( 14.859 - 10.000 ) 
    Source Clock Delay      (SCD):    5.158ns
    Clock Pessimism Removal (CPR):    0.260ns
  Clock Uncertainty:      0.035ns  ((TSJ^2 + TIJ^2)^1/2 + DJ) / 2 + PE
    Total System Jitter     (TSJ):    0.071ns
    Total Input Jitter      (TIJ):    0.000ns
    Discrete Jitter          (DJ):    0.000ns
    Phase Error              (PE):    0.000ns

    Location             Delay type                Incr(ns)  Path(ns)    Netlist Resource(s)
  -------------------------------------------------------------------    -------------------
                         (clock sys_clk_pin rise edge)
                                                      0.000     0.000 r  
    W5                                                0.000     0.000 r  clk (IN)
                         net (fo=0)                   0.000     0.000    clk
    W5                   IBUF (Prop_ibuf_I_O)         1.458     1.458 r  clk_IBUF_inst/O
                         net (fo=1, routed)           1.967     3.425    clk_IBUF
    BUFGCTRL_X0Y0        BUFG (Prop_bufg_I_O)         0.096     3.521 r  clk_IBUF_BUFG_inst/O
                         net (fo=150, routed)         1.637     5.158    servo_motor/clk_IBUF_BUFG
    SLICE_X59Y4          FDRE                                         r  servo_motor/control_reg[3]/C
  -------------------------------------------------------------------    -------------------
    SLICE_X59Y4          FDRE (Prop_fdre_C_Q)         0.456     5.614 f  servo_motor/control_reg[3]/Q
                         net (fo=11, routed)          0.628     6.243    servo_motor/control_reg_n_0_[3]
    SLICE_X61Y6          LUT1 (Prop_lut1_I0_O)        0.124     6.367 r  servo_motor/i__carry_i_3/O
                         net (fo=1, routed)           0.000     6.367    servo_motor/i__carry_i_3_n_0
    SLICE_X61Y6          CARRY4 (Prop_carry4_S[1]_CO[3])
                                                      0.550     6.917 r  servo_motor/control3_inferred__0/i__carry/CO[3]
                         net (fo=1, routed)           0.000     6.917    servo_motor/control3_inferred__0/i__carry_n_0
    SLICE_X61Y7          CARRY4 (Prop_carry4_CI_CO[3])
                                                      0.114     7.031 r  servo_motor/control3_inferred__0/i__carry__0/CO[3]
                         net (fo=1, routed)           0.000     7.031    servo_motor/control3_inferred__0/i__carry__0_n_0
    SLICE_X61Y8          CARRY4 (Prop_carry4_CI_O[1])
                                                      0.334     7.365 f  servo_motor/control3_inferred__0/i__carry__1/O[1]
                         net (fo=1, routed)           0.974     8.339    servo_motor/control3_inferred__0/i__carry__1_n_6
    SLICE_X63Y8          LUT3 (Prop_lut3_I0_O)        0.303     8.642 r  servo_motor/control[18]_i_14/O
                         net (fo=2, routed)           0.509     9.150    servo_motor/control[18]_i_14_n_0
    SLICE_X62Y8          LUT6 (Prop_lut6_I3_O)        0.124     9.274 r  servo_motor/control[18]_i_4/O
                         net (fo=5, routed)           0.758    10.032    servo_motor/control[18]_i_4_n_0
    SLICE_X62Y5          LUT6 (Prop_lut6_I1_O)        0.124    10.156 r  servo_motor/control[18]_i_1/O
                         net (fo=9, routed)           0.636    10.793    servo_motor/p_0_in[18]
    SLICE_X62Y7          FDSE                                         r  servo_motor/control_reg[12]/S
  -------------------------------------------------------------------    -------------------

                         (clock sys_clk_pin rise edge)
                                                     10.000    10.000 r  
    W5                                                0.000    10.000 r  clk (IN)
                         net (fo=0)                   0.000    10.000    clk
    W5                   IBUF (Prop_ibuf_I_O)         1.388    11.388 r  clk_IBUF_inst/O
                         net (fo=1, routed)           1.862    13.250    clk_IBUF
    BUFGCTRL_X0Y0        BUFG (Prop_bufg_I_O)         0.091    13.341 r  clk_IBUF_BUFG_inst/O
                         net (fo=150, routed)         1.518    14.859    servo_motor/clk_IBUF_BUFG
    SLICE_X62Y7          FDSE                                         r  servo_motor/control_reg[12]/C
                         clock pessimism              0.260    15.119    
                         clock uncertainty           -0.035    15.084    
    SLICE_X62Y7          FDSE (Setup_fdse_C_S)       -0.429    14.655    servo_motor/control_reg[12]
  -------------------------------------------------------------------
                         required time                         14.655    
                         arrival time                         -10.793    
  -------------------------------------------------------------------
                         slack                                  3.862    

Slack (MET) :             3.862ns  (required time - arrival time)
  Source:                 servo_motor/control_reg[3]/C
                            (rising edge-triggered cell FDRE clocked by sys_clk_pin  {rise@0.000ns fall@5.000ns period=10.000ns})
  Destination:            servo_motor/control_reg[13]/R
                            (rising edge-triggered cell FDRE clocked by sys_clk_pin  {rise@0.000ns fall@5.000ns period=10.000ns})
  Path Group:             sys_clk_pin
  Path Type:              Setup (Max at Slow Process Corner)
  Requirement:            10.000ns  (sys_clk_pin rise@10.000ns - sys_clk_pin rise@0.000ns)
  Data Path Delay:        5.634ns  (logic 2.129ns (37.787%)  route 3.505ns (62.213%))
  Logic Levels:           7  (CARRY4=3 LUT1=1 LUT3=1 LUT6=2)
  Clock Path Skew:        -0.039ns (DCD - SCD + CPR)
    Destination Clock Delay (DCD):    4.859ns = ( 14.859 - 10.000 ) 
    Source Clock Delay      (SCD):    5.158ns
    Clock Pessimism Removal (CPR):    0.260ns
  Clock Uncertainty:      0.035ns  ((TSJ^2 + TIJ^2)^1/2 + DJ) / 2 + PE
    Total System Jitter     (TSJ):    0.071ns
    Total Input Jitter      (TIJ):    0.000ns
    Discrete Jitter          (DJ):    0.000ns
    Phase Error              (PE):    0.000ns

    Location             Delay type                Incr(ns)  Path(ns)    Netlist Resource(s)
  -------------------------------------------------------------------    -------------------
                         (clock sys_clk_pin rise edge)
                                                      0.000     0.000 r  
    W5                                                0.000     0.000 r  clk (IN)
                         net (fo=0)                   0.000     0.000    clk
    W5                   IBUF (Prop_ibuf_I_O)         1.458     1.458 r  clk_IBUF_inst/O
                         net (fo=1, routed)           1.967     3.425    clk_IBUF
    BUFGCTRL_X0Y0        BUFG (Prop_bufg_I_O)         0.096     3.521 r  clk_IBUF_BUFG_inst/O
                         net (fo=150, routed)         1.637     5.158    servo_motor/clk_IBUF_BUFG
    SLICE_X59Y4          FDRE                                         r  servo_motor/control_reg[3]/C
  -------------------------------------------------------------------    -------------------
    SLICE_X59Y4          FDRE (Prop_fdre_C_Q)         0.456     5.614 f  servo_motor/control_reg[3]/Q
                         net (fo=11, routed)          0.628     6.243    servo_motor/control_reg_n_0_[3]
    SLICE_X61Y6          LUT1 (Prop_lut1_I0_O)        0.124     6.367 r  servo_motor/i__carry_i_3/O
                         net (fo=1, routed)           0.000     6.367    servo_motor/i__carry_i_3_n_0
    SLICE_X61Y6          CARRY4 (Prop_carry4_S[1]_CO[3])
                                                      0.550     6.917 r  servo_motor/control3_inferred__0/i__carry/CO[3]
                         net (fo=1, routed)           0.000     6.917    servo_motor/control3_inferred__0/i__carry_n_0
    SLICE_X61Y7          CARRY4 (Prop_carry4_CI_CO[3])
                                                      0.114     7.031 r  servo_motor/control3_inferred__0/i__carry__0/CO[3]
                         net (fo=1, routed)           0.000     7.031    servo_motor/control3_inferred__0/i__carry__0_n_0
    SLICE_X61Y8          CARRY4 (Prop_carry4_CI_O[1])
                                                      0.334     7.365 f  servo_motor/control3_inferred__0/i__carry__1/O[1]
                         net (fo=1, routed)           0.974     8.339    servo_motor/control3_inferred__0/i__carry__1_n_6
    SLICE_X63Y8          LUT3 (Prop_lut3_I0_O)        0.303     8.642 r  servo_motor/control[18]_i_14/O
                         net (fo=2, routed)           0.509     9.150    servo_motor/control[18]_i_14_n_0
    SLICE_X62Y8          LUT6 (Prop_lut6_I3_O)        0.124     9.274 r  servo_motor/control[18]_i_4/O
                         net (fo=5, routed)           0.758    10.032    servo_motor/control[18]_i_4_n_0
    SLICE_X62Y5          LUT6 (Prop_lut6_I1_O)        0.124    10.156 r  servo_motor/control[18]_i_1/O
                         net (fo=9, routed)           0.636    10.793    servo_motor/p_0_in[18]
    SLICE_X62Y7          FDRE                                         r  servo_motor/control_reg[13]/R
  -------------------------------------------------------------------    -------------------

                         (clock sys_clk_pin rise edge)
                                                     10.000    10.000 r  
    W5                                                0.000    10.000 r  clk (IN)
                         net (fo=0)                   0.000    10.000    clk
    W5                   IBUF (Prop_ibuf_I_O)         1.388    11.388 r  clk_IBUF_inst/O
                         net (fo=1, routed)           1.862    13.250    clk_IBUF
    BUFGCTRL_X0Y0        BUFG (Prop_bufg_I_O)         0.091    13.341 r  clk_IBUF_BUFG_inst/O
                         net (fo=150, routed)         1.518    14.859    servo_motor/clk_IBUF_BUFG
    SLICE_X62Y7          FDRE                                         r  servo_motor/control_reg[13]/C
                         clock pessimism              0.260    15.119    
                         clock uncertainty           -0.035    15.084    
    SLICE_X62Y7          FDRE (Setup_fdre_C_R)       -0.429    14.655    servo_motor/control_reg[13]
  -------------------------------------------------------------------
                         required time                         14.655    
                         arrival time                         -10.793    
  -------------------------------------------------------------------
                         slack                                  3.862    

Slack (MET) :             3.862ns  (required time - arrival time)
  Source:                 servo_motor/control_reg[3]/C
                            (rising edge-triggered cell FDRE clocked by sys_clk_pin  {rise@0.000ns fall@5.000ns period=10.000ns})
  Destination:            servo_motor/control_reg[14]/S
                            (rising edge-triggered cell FDSE clocked by sys_clk_pin  {rise@0.000ns fall@5.000ns period=10.000ns})
  Path Group:             sys_clk_pin
  Path Type:              Setup (Max at Slow Process Corner)
  Requirement:            10.000ns  (sys_clk_pin rise@10.000ns - sys_clk_pin rise@0.000ns)
  Data Path Delay:        5.634ns  (logic 2.129ns (37.787%)  route 3.505ns (62.213%))
  Logic Levels:           7  (CARRY4=3 LUT1=1 LUT3=1 LUT6=2)
  Clock Path Skew:        -0.039ns (DCD - SCD + CPR)
    Destination Clock Delay (DCD):    4.859ns = ( 14.859 - 10.000 ) 
    Source Clock Delay      (SCD):    5.158ns
    Clock Pessimism Removal (CPR):    0.260ns
  Clock Uncertainty:      0.035ns  ((TSJ^2 + TIJ^2)^1/2 + DJ) / 2 + PE
    Total System Jitter     (TSJ):    0.071ns
    Total Input Jitter      (TIJ):    0.000ns
    Discrete Jitter          (DJ):    0.000ns
    Phase Error              (PE):    0.000ns

    Location             Delay type                Incr(ns)  Path(ns)    Netlist Resource(s)
  -------------------------------------------------------------------    -------------------
                         (clock sys_clk_pin rise edge)
                                                      0.000     0.000 r  
    W5                                                0.000     0.000 r  clk (IN)
                         net (fo=0)                   0.000     0.000    clk
    W5                   IBUF (Prop_ibuf_I_O)         1.458     1.458 r  clk_IBUF_inst/O
                         net (fo=1, routed)           1.967     3.425    clk_IBUF
    BUFGCTRL_X0Y0        BUFG (Prop_bufg_I_O)         0.096     3.521 r  clk_IBUF_BUFG_inst/O
                         net (fo=150, routed)         1.637     5.158    servo_motor/clk_IBUF_BUFG
    SLICE_X59Y4          FDRE                                         r  servo_motor/control_reg[3]/C
  -------------------------------------------------------------------    -------------------
    SLICE_X59Y4          FDRE (Prop_fdre_C_Q)         0.456     5.614 f  servo_motor/control_reg[3]/Q
                         net (fo=11, routed)          0.628     6.243    servo_motor/control_reg_n_0_[3]
    SLICE_X61Y6          LUT1 (Prop_lut1_I0_O)        0.124     6.367 r  servo_motor/i__carry_i_3/O
                         net (fo=1, routed)           0.000     6.367    servo_motor/i__carry_i_3_n_0
    SLICE_X61Y6          CARRY4 (Prop_carry4_S[1]_CO[3])
                                                      0.550     6.917 r  servo_motor/control3_inferred__0/i__carry/CO[3]
                         net (fo=1, routed)           0.000     6.917    servo_motor/control3_inferred__0/i__carry_n_0
    SLICE_X61Y7          CARRY4 (Prop_carry4_CI_CO[3])
                                                      0.114     7.031 r  servo_motor/control3_inferred__0/i__carry__0/CO[3]
                         net (fo=1, routed)           0.000     7.031    servo_motor/control3_inferred__0/i__carry__0_n_0
    SLICE_X61Y8          CARRY4 (Prop_carry4_CI_O[1])
                                                      0.334     7.365 f  servo_motor/control3_inferred__0/i__carry__1/O[1]
                         net (fo=1, routed)           0.974     8.339    servo_motor/control3_inferred__0/i__carry__1_n_6
    SLICE_X63Y8          LUT3 (Prop_lut3_I0_O)        0.303     8.642 r  servo_motor/control[18]_i_14/O
                         net (fo=2, routed)           0.509     9.150    servo_motor/control[18]_i_14_n_0
    SLICE_X62Y8          LUT6 (Prop_lut6_I3_O)        0.124     9.274 r  servo_motor/control[18]_i_4/O
                         net (fo=5, routed)           0.758    10.032    servo_motor/control[18]_i_4_n_0
    SLICE_X62Y5          LUT6 (Prop_lut6_I1_O)        0.124    10.156 r  servo_motor/control[18]_i_1/O
                         net (fo=9, routed)           0.636    10.793    servo_motor/p_0_in[18]
    SLICE_X62Y7          FDSE                                         r  servo_motor/control_reg[14]/S
  -------------------------------------------------------------------    -------------------

                         (clock sys_clk_pin rise edge)
                                                     10.000    10.000 r  
    W5                                                0.000    10.000 r  clk (IN)
                         net (fo=0)                   0.000    10.000    clk
    W5                   IBUF (Prop_ibuf_I_O)         1.388    11.388 r  clk_IBUF_inst/O
                         net (fo=1, routed)           1.862    13.250    clk_IBUF
    BUFGCTRL_X0Y0        BUFG (Prop_bufg_I_O)         0.091    13.341 r  clk_IBUF_BUFG_inst/O
                         net (fo=150, routed)         1.518    14.859    servo_motor/clk_IBUF_BUFG
    SLICE_X62Y7          FDSE                                         r  servo_motor/control_reg[14]/C
                         clock pessimism              0.260    15.119    
                         clock uncertainty           -0.035    15.084    
    SLICE_X62Y7          FDSE (Setup_fdse_C_S)       -0.429    14.655    servo_motor/control_reg[14]
  -------------------------------------------------------------------
                         required time                         14.655    
                         arrival time                         -10.793    
  -------------------------------------------------------------------
                         slack                                  3.862    

Slack (MET) :             3.895ns  (required time - arrival time)
  Source:                 servo_motor/control_reg[3]/C
                            (rising edge-triggered cell FDRE clocked by sys_clk_pin  {rise@0.000ns fall@5.000ns period=10.000ns})
  Destination:            servo_motor/control_reg[3]/R
                            (rising edge-triggered cell FDRE clocked by sys_clk_pin  {rise@0.000ns fall@5.000ns period=10.000ns})
  Path Group:             sys_clk_pin
  Path Type:              Setup (Max at Slow Process Corner)
  Requirement:            10.000ns  (sys_clk_pin rise@10.000ns - sys_clk_pin rise@0.000ns)
  Data Path Delay:        5.640ns  (logic 2.129ns (37.746%)  route 3.511ns (62.254%))
  Logic Levels:           7  (CARRY4=3 LUT1=1 LUT3=1 LUT6=2)
  Clock Path Skew:        0.000ns (DCD - SCD + CPR)
    Destination Clock Delay (DCD):    4.859ns = ( 14.859 - 10.000 ) 
    Source Clock Delay      (SCD):    5.158ns
    Clock Pessimism Removal (CPR):    0.299ns
  Clock Uncertainty:      0.035ns  ((TSJ^2 + TIJ^2)^1/2 + DJ) / 2 + PE
    Total System Jitter     (TSJ):    0.071ns
    Total Input Jitter      (TIJ):    0.000ns
    Discrete Jitter          (DJ):    0.000ns
    Phase Error              (PE):    0.000ns

    Location             Delay type                Incr(ns)  Path(ns)    Netlist Resource(s)
  -------------------------------------------------------------------    -------------------
                         (clock sys_clk_pin rise edge)
                                                      0.000     0.000 r  
    W5                                                0.000     0.000 r  clk (IN)
                         net (fo=0)                   0.000     0.000    clk
    W5                   IBUF (Prop_ibuf_I_O)         1.458     1.458 r  clk_IBUF_inst/O
                         net (fo=1, routed)           1.967     3.425    clk_IBUF
    BUFGCTRL_X0Y0        BUFG (Prop_bufg_I_O)         0.096     3.521 r  clk_IBUF_BUFG_inst/O
                         net (fo=150, routed)         1.637     5.158    servo_motor/clk_IBUF_BUFG
    SLICE_X59Y4          FDRE                                         r  servo_motor/control_reg[3]/C
  -------------------------------------------------------------------    -------------------
    SLICE_X59Y4          FDRE (Prop_fdre_C_Q)         0.456     5.614 f  servo_motor/control_reg[3]/Q
                         net (fo=11, routed)          0.628     6.243    servo_motor/control_reg_n_0_[3]
    SLICE_X61Y6          LUT1 (Prop_lut1_I0_O)        0.124     6.367 r  servo_motor/i__carry_i_3/O
                         net (fo=1, routed)           0.000     6.367    servo_motor/i__carry_i_3_n_0
    SLICE_X61Y6          CARRY4 (Prop_carry4_S[1]_CO[3])
                                                      0.550     6.917 r  servo_motor/control3_inferred__0/i__carry/CO[3]
                         net (fo=1, routed)           0.000     6.917    servo_motor/control3_inferred__0/i__carry_n_0
    SLICE_X61Y7          CARRY4 (Prop_carry4_CI_CO[3])
                                                      0.114     7.031 r  servo_motor/control3_inferred__0/i__carry__0/CO[3]
                         net (fo=1, routed)           0.000     7.031    servo_motor/control3_inferred__0/i__carry__0_n_0
    SLICE_X61Y8          CARRY4 (Prop_carry4_CI_O[1])
                                                      0.334     7.365 f  servo_motor/control3_inferred__0/i__carry__1/O[1]
                         net (fo=1, routed)           0.974     8.339    servo_motor/control3_inferred__0/i__carry__1_n_6
    SLICE_X63Y8          LUT3 (Prop_lut3_I0_O)        0.303     8.642 r  servo_motor/control[18]_i_14/O
                         net (fo=2, routed)           0.509     9.150    servo_motor/control[18]_i_14_n_0
    SLICE_X62Y8          LUT6 (Prop_lut6_I3_O)        0.124     9.274 r  servo_motor/control[18]_i_4/O
                         net (fo=5, routed)           0.758    10.032    servo_motor/control[18]_i_4_n_0
    SLICE_X62Y5          LUT6 (Prop_lut6_I1_O)        0.124    10.156 r  servo_motor/control[18]_i_1/O
                         net (fo=9, routed)           0.642    10.799    servo_motor/p_0_in[18]
    SLICE_X59Y4          FDRE                                         r  servo_motor/control_reg[3]/R
  -------------------------------------------------------------------    -------------------

                         (clock sys_clk_pin rise edge)
                                                     10.000    10.000 r  
    W5                                                0.000    10.000 r  clk (IN)
                         net (fo=0)                   0.000    10.000    clk
    W5                   IBUF (Prop_ibuf_I_O)         1.388    11.388 r  clk_IBUF_inst/O
                         net (fo=1, routed)           1.862    13.250    clk_IBUF
    BUFGCTRL_X0Y0        BUFG (Prop_bufg_I_O)         0.091    13.341 r  clk_IBUF_BUFG_inst/O
                         net (fo=150, routed)         1.518    14.859    servo_motor/clk_IBUF_BUFG
    SLICE_X59Y4          FDRE                                         r  servo_motor/control_reg[3]/C
                         clock pessimism              0.299    15.158    
                         clock uncertainty           -0.035    15.123    
    SLICE_X59Y4          FDRE (Setup_fdre_C_R)       -0.429    14.694    servo_motor/control_reg[3]
  -------------------------------------------------------------------
                         required time                         14.694    
                         arrival time                         -10.799    
  -------------------------------------------------------------------
                         slack                                  3.895    

Slack (MET) :             4.581ns  (required time - arrival time)
  Source:                 servo_motor/control_reg[3]/C
                            (rising edge-triggered cell FDRE clocked by sys_clk_pin  {rise@0.000ns fall@5.000ns period=10.000ns})
  Destination:            servo_motor/control_reg[5]/D
                            (rising edge-triggered cell FDSE clocked by sys_clk_pin  {rise@0.000ns fall@5.000ns period=10.000ns})
  Path Group:             sys_clk_pin
  Path Type:              Setup (Max at Slow Process Corner)
  Requirement:            10.000ns  (sys_clk_pin rise@10.000ns - sys_clk_pin rise@0.000ns)
  Data Path Delay:        5.388ns  (logic 2.129ns (39.514%)  route 3.259ns (60.486%))
  Logic Levels:           7  (CARRY4=3 LUT1=1 LUT3=1 LUT6=2)
  Clock Path Skew:        -0.025ns (DCD - SCD + CPR)
    Destination Clock Delay (DCD):    4.859ns = ( 14.859 - 10.000 ) 
    Source Clock Delay      (SCD):    5.158ns
    Clock Pessimism Removal (CPR):    0.274ns
  Clock Uncertainty:      0.035ns  ((TSJ^2 + TIJ^2)^1/2 + DJ) / 2 + PE
    Total System Jitter     (TSJ):    0.071ns
    Total Input Jitter      (TIJ):    0.000ns
    Discrete Jitter          (DJ):    0.000ns
    Phase Error              (PE):    0.000ns

    Location             Delay type                Incr(ns)  Path(ns)    Netlist Resource(s)
  -------------------------------------------------------------------    -------------------
                         (clock sys_clk_pin rise edge)
                                                      0.000     0.000 r  
    W5                                                0.000     0.000 r  clk (IN)
                         net (fo=0)                   0.000     0.000    clk
    W5                   IBUF (Prop_ibuf_I_O)         1.458     1.458 r  clk_IBUF_inst/O
                         net (fo=1, routed)           1.967     3.425    clk_IBUF
    BUFGCTRL_X0Y0        BUFG (Prop_bufg_I_O)         0.096     3.521 r  clk_IBUF_BUFG_inst/O
                         net (fo=150, routed)         1.637     5.158    servo_motor/clk_IBUF_BUFG
    SLICE_X59Y4          FDRE                                         r  servo_motor/control_reg[3]/C
  -------------------------------------------------------------------    -------------------
    SLICE_X59Y4          FDRE (Prop_fdre_C_Q)         0.456     5.614 f  servo_motor/control_reg[3]/Q
                         net (fo=11, routed)          0.628     6.243    servo_motor/control_reg_n_0_[3]
    SLICE_X61Y6          LUT1 (Prop_lut1_I0_O)        0.124     6.367 r  servo_motor/i__carry_i_3/O
                         net (fo=1, routed)           0.000     6.367    servo_motor/i__carry_i_3_n_0
    SLICE_X61Y6          CARRY4 (Prop_carry4_S[1]_CO[3])
                                                      0.550     6.917 r  servo_motor/control3_inferred__0/i__carry/CO[3]
                         net (fo=1, routed)           0.000     6.917    servo_motor/control3_inferred__0/i__carry_n_0
    SLICE_X61Y7          CARRY4 (Prop_carry4_CI_CO[3])
                                                      0.114     7.031 r  servo_motor/control3_inferred__0/i__carry__0/CO[3]
                         net (fo=1, routed)           0.000     7.031    servo_motor/control3_inferred__0/i__carry__0_n_0
    SLICE_X61Y8          CARRY4 (Prop_carry4_CI_O[1])
                                                      0.334     7.365 f  servo_motor/control3_inferred__0/i__carry__1/O[1]
                         net (fo=1, routed)           0.974     8.339    servo_motor/control3_inferred__0/i__carry__1_n_6
    SLICE_X63Y8          LUT3 (Prop_lut3_I0_O)        0.303     8.642 r  servo_motor/control[18]_i_14/O
                         net (fo=2, routed)           0.509     9.150    servo_motor/control[18]_i_14_n_0
    SLICE_X62Y8          LUT6 (Prop_lut6_I3_O)        0.124     9.274 r  servo_motor/control[18]_i_4/O
                         net (fo=5, routed)           1.148    10.422    servo_motor/control[18]_i_4_n_0
    SLICE_X61Y5          LUT6 (Prop_lut6_I0_O)        0.124    10.546 r  servo_motor/control[5]_i_1/O
                         net (fo=1, routed)           0.000    10.546    servo_motor/p_1_in[5]
    SLICE_X61Y5          FDSE                                         r  servo_motor/control_reg[5]/D
  -------------------------------------------------------------------    -------------------

                         (clock sys_clk_pin rise edge)
                                                     10.000    10.000 r  
    W5                                                0.000    10.000 r  clk (IN)
                         net (fo=0)                   0.000    10.000    clk
    W5                   IBUF (Prop_ibuf_I_O)         1.388    11.388 r  clk_IBUF_inst/O
                         net (fo=1, routed)           1.862    13.250    clk_IBUF
    BUFGCTRL_X0Y0        BUFG (Prop_bufg_I_O)         0.091    13.341 r  clk_IBUF_BUFG_inst/O
                         net (fo=150, routed)         1.518    14.859    servo_motor/clk_IBUF_BUFG
    SLICE_X61Y5          FDSE                                         r  servo_motor/control_reg[5]/C
                         clock pessimism              0.274    15.133    
                         clock uncertainty           -0.035    15.098    
    SLICE_X61Y5          FDSE (Setup_fdse_C_D)        0.029    15.127    servo_motor/control_reg[5]
  -------------------------------------------------------------------
                         required time                         15.127    
                         arrival time                         -10.546    
  -------------------------------------------------------------------
                         slack                                  4.581    





Min Delay Paths
--------------------------------------------------------------------------------------
Slack (MET) :             0.142ns  (arrival time - required time)
  Source:                 fsm/stable_counter_reg[5]/C
                            (rising edge-triggered cell FDRE clocked by sys_clk_pin  {rise@0.000ns fall@5.000ns period=10.000ns})
  Destination:            fsm/stable_counter_reg[6]/D
                            (rising edge-triggered cell FDRE clocked by sys_clk_pin  {rise@0.000ns fall@5.000ns period=10.000ns})
  Path Group:             sys_clk_pin
  Path Type:              Hold (Min at Fast Process Corner)
  Requirement:            0.000ns  (sys_clk_pin rise@0.000ns - sys_clk_pin rise@0.000ns)
  Data Path Delay:        0.275ns  (logic 0.186ns (67.534%)  route 0.089ns (32.466%))
  Logic Levels:           1  (LUT6=1)
  Clock Path Skew:        0.013ns (DCD - SCD - CPR)
    Destination Clock Delay (DCD):    1.991ns
    Source Clock Delay      (SCD):    1.477ns
    Clock Pessimism Removal (CPR):    0.501ns

    Location             Delay type                Incr(ns)  Path(ns)    Netlist Resource(s)
  -------------------------------------------------------------------    -------------------
                         (clock sys_clk_pin rise edge)
                                                      0.000     0.000 r  
    W5                                                0.000     0.000 r  clk (IN)
                         net (fo=0)                   0.000     0.000    clk
    W5                   IBUF (Prop_ibuf_I_O)         0.226     0.226 r  clk_IBUF_inst/O
                         net (fo=1, routed)           0.631     0.858    clk_IBUF
    BUFGCTRL_X0Y0        BUFG (Prop_bufg_I_O)         0.026     0.884 r  clk_IBUF_BUFG_inst/O
                         net (fo=150, routed)         0.594     1.477    fsm/clk_IBUF_BUFG
    SLICE_X61Y3          FDRE                                         r  fsm/stable_counter_reg[5]/C
  -------------------------------------------------------------------    -------------------
    SLICE_X61Y3          FDRE (Prop_fdre_C_Q)         0.141     1.618 r  fsm/stable_counter_reg[5]/Q
                         net (fo=4, routed)           0.089     1.708    fsm/stable_counter_reg[5]
    SLICE_X60Y3          LUT6 (Prop_lut6_I4_O)        0.045     1.753 r  fsm/stable_counter[6]_i_2/O
                         net (fo=1, routed)           0.000     1.753    fsm/p_0_in__1[6]
    SLICE_X60Y3          FDRE                                         r  fsm/stable_counter_reg[6]/D
  -------------------------------------------------------------------    -------------------

                         (clock sys_clk_pin rise edge)
                                                      0.000     0.000 r  
    W5                                                0.000     0.000 r  clk (IN)
                         net (fo=0)                   0.000     0.000    clk
    W5                   IBUF (Prop_ibuf_I_O)         0.414     0.414 r  clk_IBUF_inst/O
                         net (fo=1, routed)           0.685     1.099    clk_IBUF
    BUFGCTRL_X0Y0        BUFG (Prop_bufg_I_O)         0.029     1.128 r  clk_IBUF_BUFG_inst/O
                         net (fo=150, routed)         0.864     1.991    fsm/clk_IBUF_BUFG
    SLICE_X60Y3          FDRE                                         r  fsm/stable_counter_reg[6]/C
                         clock pessimism             -0.501     1.490    
    SLICE_X60Y3          FDRE (Hold_fdre_C_D)         0.120     1.610    fsm/stable_counter_reg[6]
  -------------------------------------------------------------------
                         required time                         -1.610    
                         arrival time                           1.753    
  -------------------------------------------------------------------
                         slack                                  0.142    

Slack (MET) :             0.162ns  (arrival time - required time)
  Source:                 d0/DFF_reg[0]/C
                            (rising edge-triggered cell FDRE clocked by sys_clk_pin  {rise@0.000ns fall@5.000ns period=10.000ns})
  Destination:            d0/DFF_reg[1]/D
                            (rising edge-triggered cell FDRE clocked by sys_clk_pin  {rise@0.000ns fall@5.000ns period=10.000ns})
  Path Group:             sys_clk_pin
  Path Type:              Hold (Min at Fast Process Corner)
  Requirement:            0.000ns  (sys_clk_pin rise@0.000ns - sys_clk_pin rise@0.000ns)
  Data Path Delay:        0.274ns  (logic 0.141ns (51.380%)  route 0.133ns (48.620%))
  Logic Levels:           0  
  Clock Path Skew:        0.037ns (DCD - SCD - CPR)
    Destination Clock Delay (DCD):    1.963ns
    Source Clock Delay      (SCD):    1.448ns
    Clock Pessimism Removal (CPR):    0.478ns

    Location             Delay type                Incr(ns)  Path(ns)    Netlist Resource(s)
  -------------------------------------------------------------------    -------------------
                         (clock sys_clk_pin rise edge)
                                                      0.000     0.000 r  
    W5                                                0.000     0.000 r  clk (IN)
                         net (fo=0)                   0.000     0.000    clk
    W5                   IBUF (Prop_ibuf_I_O)         0.226     0.226 r  clk_IBUF_inst/O
                         net (fo=1, routed)           0.631     0.858    clk_IBUF
    BUFGCTRL_X0Y0        BUFG (Prop_bufg_I_O)         0.026     0.884 r  clk_IBUF_BUFG_inst/O
                         net (fo=150, routed)         0.565     1.448    d0/clk_IBUF_BUFG
    SLICE_X55Y8          FDRE                                         r  d0/DFF_reg[0]/C
  -------------------------------------------------------------------    -------------------
    SLICE_X55Y8          FDRE (Prop_fdre_C_Q)         0.141     1.589 r  d0/DFF_reg[0]/Q
                         net (fo=3, routed)           0.133     1.723    d0/DFF[0]
    SLICE_X57Y7          FDRE                                         r  d0/DFF_reg[1]/D
  -------------------------------------------------------------------    -------------------

                         (clock sys_clk_pin rise edge)
                                                      0.000     0.000 r  
    W5                                                0.000     0.000 r  clk (IN)
                         net (fo=0)                   0.000     0.000    clk
    W5                   IBUF (Prop_ibuf_I_O)         0.414     0.414 r  clk_IBUF_inst/O
                         net (fo=1, routed)           0.685     1.099    clk_IBUF
    BUFGCTRL_X0Y0        BUFG (Prop_bufg_I_O)         0.029     1.128 r  clk_IBUF_BUFG_inst/O
                         net (fo=150, routed)         0.836     1.963    d0/clk_IBUF_BUFG
    SLICE_X57Y7          FDRE                                         r  d0/DFF_reg[1]/C
                         clock pessimism             -0.478     1.485    
    SLICE_X57Y7          FDRE (Hold_fdre_C_D)         0.075     1.560    d0/DFF_reg[1]
  -------------------------------------------------------------------
                         required time                         -1.560    
                         arrival time                           1.723    
  -------------------------------------------------------------------
                         slack                                  0.162    

Slack (MET) :             0.163ns  (arrival time - required time)
  Source:                 d2/DFF_reg[0]/C
                            (rising edge-triggered cell FDRE clocked by sys_clk_pin  {rise@0.000ns fall@5.000ns period=10.000ns})
  Destination:            d3/PB_one_pulse_reg/D
                            (rising edge-triggered cell FDRE clocked by sys_clk_pin  {rise@0.000ns fall@5.000ns period=10.000ns})
  Path Group:             sys_clk_pin
  Path Type:              Hold (Min at Fast Process Corner)
  Requirement:            0.000ns  (sys_clk_pin rise@0.000ns - sys_clk_pin rise@0.000ns)
  Data Path Delay:        0.296ns  (logic 0.186ns (62.765%)  route 0.110ns (37.235%))
  Logic Levels:           1  (LUT6=1)
  Clock Path Skew:        0.013ns (DCD - SCD - CPR)
    Destination Clock Delay (DCD):    1.992ns
    Source Clock Delay      (SCD):    1.477ns
    Clock Pessimism Removal (CPR):    0.502ns

    Location             Delay type                Incr(ns)  Path(ns)    Netlist Resource(s)
  -------------------------------------------------------------------    -------------------
                         (clock sys_clk_pin rise edge)
                                                      0.000     0.000 r  
    W5                                                0.000     0.000 r  clk (IN)
                         net (fo=0)                   0.000     0.000    clk
    W5                   IBUF (Prop_ibuf_I_O)         0.226     0.226 r  clk_IBUF_inst/O
                         net (fo=1, routed)           0.631     0.858    clk_IBUF
    BUFGCTRL_X0Y0        BUFG (Prop_bufg_I_O)         0.026     0.884 r  clk_IBUF_BUFG_inst/O
                         net (fo=150, routed)         0.594     1.477    d2/clk_IBUF_BUFG
    SLICE_X65Y9          FDRE                                         r  d2/DFF_reg[0]/C
  -------------------------------------------------------------------    -------------------
    SLICE_X65Y9          FDRE (Prop_fdre_C_Q)         0.141     1.618 r  d2/DFF_reg[0]/Q
                         net (fo=3, routed)           0.110     1.728    d2/DFF_reg_n_0_[0]
    SLICE_X64Y9          LUT6 (Prop_lut6_I4_O)        0.045     1.773 r  d2/PB_one_pulse_i_1__0/O
                         net (fo=1, routed)           0.000     1.773    d3/PB_one_pulse_reg_0
    SLICE_X64Y9          FDRE                                         r  d3/PB_one_pulse_reg/D
  -------------------------------------------------------------------    -------------------

                         (clock sys_clk_pin rise edge)
                                                      0.000     0.000 r  
    W5                                                0.000     0.000 r  clk (IN)
                         net (fo=0)                   0.000     0.000    clk
    W5                   IBUF (Prop_ibuf_I_O)         0.414     0.414 r  clk_IBUF_inst/O
                         net (fo=1, routed)           0.685     1.099    clk_IBUF
    BUFGCTRL_X0Y0        BUFG (Prop_bufg_I_O)         0.029     1.128 r  clk_IBUF_BUFG_inst/O
                         net (fo=150, routed)         0.865     1.992    d3/clk_IBUF_BUFG
    SLICE_X64Y9          FDRE                                         r  d3/PB_one_pulse_reg/C
                         clock pessimism             -0.502     1.490    
    SLICE_X64Y9          FDRE (Hold_fdre_C_D)         0.120     1.610    d3/PB_one_pulse_reg
  -------------------------------------------------------------------
                         required time                         -1.610    
                         arrival time                           1.773    
  -------------------------------------------------------------------
                         slack                                  0.163    

Slack (MET) :             0.166ns  (arrival time - required time)
  Source:                 d2/DFF_reg[0]/C
                            (rising edge-triggered cell FDRE clocked by sys_clk_pin  {rise@0.000ns fall@5.000ns period=10.000ns})
  Destination:            d3/PB_debounced_delay_reg/D
                            (rising edge-triggered cell FDRE clocked by sys_clk_pin  {rise@0.000ns fall@5.000ns period=10.000ns})
  Path Group:             sys_clk_pin
  Path Type:              Hold (Min at Fast Process Corner)
  Requirement:            0.000ns  (sys_clk_pin rise@0.000ns - sys_clk_pin rise@0.000ns)
  Data Path Delay:        0.300ns  (logic 0.186ns (61.929%)  route 0.114ns (38.071%))
  Logic Levels:           1  (LUT5=1)
  Clock Path Skew:        0.013ns (DCD - SCD - CPR)
    Destination Clock Delay (DCD):    1.992ns
    Source Clock Delay      (SCD):    1.477ns
    Clock Pessimism Removal (CPR):    0.502ns

    Location             Delay type                Incr(ns)  Path(ns)    Netlist Resource(s)
  -------------------------------------------------------------------    -------------------
                         (clock sys_clk_pin rise edge)
                                                      0.000     0.000 r  
    W5                                                0.000     0.000 r  clk (IN)
                         net (fo=0)                   0.000     0.000    clk
    W5                   IBUF (Prop_ibuf_I_O)         0.226     0.226 r  clk_IBUF_inst/O
                         net (fo=1, routed)           0.631     0.858    clk_IBUF
    BUFGCTRL_X0Y0        BUFG (Prop_bufg_I_O)         0.026     0.884 r  clk_IBUF_BUFG_inst/O
                         net (fo=150, routed)         0.594     1.477    d2/clk_IBUF_BUFG
    SLICE_X65Y9          FDRE                                         r  d2/DFF_reg[0]/C
  -------------------------------------------------------------------    -------------------
    SLICE_X65Y9          FDRE (Prop_fdre_C_Q)         0.141     1.618 r  d2/DFF_reg[0]/Q
                         net (fo=3, routed)           0.114     1.732    d2/DFF_reg_n_0_[0]
    SLICE_X64Y9          LUT5 (Prop_lut5_I0_O)        0.045     1.777 r  d2/pb_debounced/O
                         net (fo=1, routed)           0.000     1.777    d3/start_pb
    SLICE_X64Y9          FDRE                                         r  d3/PB_debounced_delay_reg/D
  -------------------------------------------------------------------    -------------------

                         (clock sys_clk_pin rise edge)
                                                      0.000     0.000 r  
    W5                                                0.000     0.000 r  clk (IN)
                         net (fo=0)                   0.000     0.000    clk
    W5                   IBUF (Prop_ibuf_I_O)         0.414     0.414 r  clk_IBUF_inst/O
                         net (fo=1, routed)           0.685     1.099    clk_IBUF
    BUFGCTRL_X0Y0        BUFG (Prop_bufg_I_O)         0.029     1.128 r  clk_IBUF_BUFG_inst/O
                         net (fo=150, routed)         0.865     1.992    d3/clk_IBUF_BUFG
    SLICE_X64Y9          FDRE                                         r  d3/PB_debounced_delay_reg/C
                         clock pessimism             -0.502     1.490    
    SLICE_X64Y9          FDRE (Hold_fdre_C_D)         0.121     1.611    d3/PB_debounced_delay_reg
  -------------------------------------------------------------------
                         required time                         -1.611    
                         arrival time                           1.777    
  -------------------------------------------------------------------
                         slack                                  0.166    

Slack (MET) :             0.179ns  (arrival time - required time)
  Source:                 uart/uart_rx/receiving_reg/C
                            (rising edge-triggered cell FDRE clocked by sys_clk_pin  {rise@0.000ns fall@5.000ns period=10.000ns})
  Destination:            uart/uart_rx/baud_counter_reg[4]/D
                            (rising edge-triggered cell FDRE clocked by sys_clk_pin  {rise@0.000ns fall@5.000ns period=10.000ns})
  Path Group:             sys_clk_pin
  Path Type:              Hold (Min at Fast Process Corner)
  Requirement:            0.000ns  (sys_clk_pin rise@0.000ns - sys_clk_pin rise@0.000ns)
  Data Path Delay:        0.323ns  (logic 0.189ns (58.578%)  route 0.134ns (41.422%))
  Logic Levels:           1  (LUT4=1)
  Clock Path Skew:        0.013ns (DCD - SCD - CPR)
    Destination Clock Delay (DCD):    1.964ns
    Source Clock Delay      (SCD):    1.449ns
    Clock Pessimism Removal (CPR):    0.502ns

    Location             Delay type                Incr(ns)  Path(ns)    Netlist Resource(s)
  -------------------------------------------------------------------    -------------------
                         (clock sys_clk_pin rise edge)
                                                      0.000     0.000 r  
    W5                                                0.000     0.000 r  clk (IN)
                         net (fo=0)                   0.000     0.000    clk
    W5                   IBUF (Prop_ibuf_I_O)         0.226     0.226 r  clk_IBUF_inst/O
                         net (fo=1, routed)           0.631     0.858    clk_IBUF
    BUFGCTRL_X0Y0        BUFG (Prop_bufg_I_O)         0.026     0.884 r  clk_IBUF_BUFG_inst/O
                         net (fo=150, routed)         0.566     1.449    uart/uart_rx/clk_IBUF_BUFG
    SLICE_X53Y5          FDRE                                         r  uart/uart_rx/receiving_reg/C
  -------------------------------------------------------------------    -------------------
    SLICE_X53Y5          FDRE (Prop_fdre_C_Q)         0.141     1.590 f  uart/uart_rx/receiving_reg/Q
                         net (fo=20, routed)          0.134     1.724    uart/uart_rx/receiving_reg_n_0
    SLICE_X52Y5          LUT4 (Prop_lut4_I3_O)        0.048     1.772 r  uart/uart_rx/baud_counter[4]_i_1/O
                         net (fo=1, routed)           0.000     1.772    uart/uart_rx/baud_counter[4]_i_1_n_0
    SLICE_X52Y5          FDRE                                         r  uart/uart_rx/baud_counter_reg[4]/D
  -------------------------------------------------------------------    -------------------

                         (clock sys_clk_pin rise edge)
                                                      0.000     0.000 r  
    W5                                                0.000     0.000 r  clk (IN)
                         net (fo=0)                   0.000     0.000    clk
    W5                   IBUF (Prop_ibuf_I_O)         0.414     0.414 r  clk_IBUF_inst/O
                         net (fo=1, routed)           0.685     1.099    clk_IBUF
    BUFGCTRL_X0Y0        BUFG (Prop_bufg_I_O)         0.029     1.128 r  clk_IBUF_BUFG_inst/O
                         net (fo=150, routed)         0.837     1.964    uart/uart_rx/clk_IBUF_BUFG
    SLICE_X52Y5          FDRE                                         r  uart/uart_rx/baud_counter_reg[4]/C
                         clock pessimism             -0.502     1.462    
    SLICE_X52Y5          FDRE (Hold_fdre_C_D)         0.131     1.593    uart/uart_rx/baud_counter_reg[4]
  -------------------------------------------------------------------
                         required time                         -1.593    
                         arrival time                           1.772    
  -------------------------------------------------------------------
                         slack                                  0.179    

Slack (MET) :             0.185ns  (arrival time - required time)
  Source:                 uart/uart_tx/bit_counter_reg[0]/C
                            (rising edge-triggered cell FDRE clocked by sys_clk_pin  {rise@0.000ns fall@5.000ns period=10.000ns})
  Destination:            uart/uart_tx/tx_reg/D
                            (rising edge-triggered cell FDRE clocked by sys_clk_pin  {rise@0.000ns fall@5.000ns period=10.000ns})
  Path Group:             sys_clk_pin
  Path Type:              Hold (Min at Fast Process Corner)
  Requirement:            0.000ns  (sys_clk_pin rise@0.000ns - sys_clk_pin rise@0.000ns)
  Data Path Delay:        0.318ns  (logic 0.186ns (58.579%)  route 0.132ns (41.421%))
  Logic Levels:           1  (LUT6=1)
  Clock Path Skew:        0.013ns (DCD - SCD - CPR)
    Destination Clock Delay (DCD):    1.991ns
    Source Clock Delay      (SCD):    1.476ns
    Clock Pessimism Removal (CPR):    0.502ns

    Location             Delay type                Incr(ns)  Path(ns)    Netlist Resource(s)
  -------------------------------------------------------------------    -------------------
                         (clock sys_clk_pin rise edge)
                                                      0.000     0.000 r  
    W5                                                0.000     0.000 r  clk (IN)
                         net (fo=0)                   0.000     0.000    clk
    W5                   IBUF (Prop_ibuf_I_O)         0.226     0.226 r  clk_IBUF_inst/O
                         net (fo=1, routed)           0.631     0.858    clk_IBUF
    BUFGCTRL_X0Y0        BUFG (Prop_bufg_I_O)         0.026     0.884 r  clk_IBUF_BUFG_inst/O
                         net (fo=150, routed)         0.593     1.476    uart/uart_tx/clk_IBUF_BUFG
    SLICE_X65Y10         FDRE                                         r  uart/uart_tx/bit_counter_reg[0]/C
  -------------------------------------------------------------------    -------------------
    SLICE_X65Y10         FDRE (Prop_fdre_C_Q)         0.141     1.617 f  uart/uart_tx/bit_counter_reg[0]/Q
                         net (fo=7, routed)           0.132     1.749    uart/uart_tx/bit_counter_reg[0]
    SLICE_X64Y10         LUT6 (Prop_lut6_I4_O)        0.045     1.794 r  uart/uart_tx/tx_i_2/O
                         net (fo=1, routed)           0.000     1.794    uart/uart_tx/tx_i_2_n_0
    SLICE_X64Y10         FDRE                                         r  uart/uart_tx/tx_reg/D
  -------------------------------------------------------------------    -------------------

                         (clock sys_clk_pin rise edge)
                                                      0.000     0.000 r  
    W5                                                0.000     0.000 r  clk (IN)
                         net (fo=0)                   0.000     0.000    clk
    W5                   IBUF (Prop_ibuf_I_O)         0.414     0.414 r  clk_IBUF_inst/O
                         net (fo=1, routed)           0.685     1.099    clk_IBUF
    BUFGCTRL_X0Y0        BUFG (Prop_bufg_I_O)         0.029     1.128 r  clk_IBUF_BUFG_inst/O
                         net (fo=150, routed)         0.864     1.991    uart/uart_tx/clk_IBUF_BUFG
    SLICE_X64Y10         FDRE                                         r  uart/uart_tx/tx_reg/C
                         clock pessimism             -0.502     1.489    
    SLICE_X64Y10         FDRE (Hold_fdre_C_D)         0.120     1.609    uart/uart_tx/tx_reg
  -------------------------------------------------------------------
                         required time                         -1.609    
                         arrival time                           1.794    
  -------------------------------------------------------------------
                         slack                                  0.185    

Slack (MET) :             0.187ns  (arrival time - required time)
  Source:                 uart/uart_rx/receiving_reg/C
                            (rising edge-triggered cell FDRE clocked by sys_clk_pin  {rise@0.000ns fall@5.000ns period=10.000ns})
  Destination:            uart/uart_rx/baud_counter_reg[3]/D
                            (rising edge-triggered cell FDRE clocked by sys_clk_pin  {rise@0.000ns fall@5.000ns period=10.000ns})
  Path Group:             sys_clk_pin
  Path Type:              Hold (Min at Fast Process Corner)
  Requirement:            0.000ns  (sys_clk_pin rise@0.000ns - sys_clk_pin rise@0.000ns)
  Data Path Delay:        0.320ns  (logic 0.186ns (58.190%)  route 0.134ns (41.810%))
  Logic Levels:           1  (LUT4=1)
  Clock Path Skew:        0.013ns (DCD - SCD - CPR)
    Destination Clock Delay (DCD):    1.964ns
    Source Clock Delay      (SCD):    1.449ns
    Clock Pessimism Removal (CPR):    0.502ns

    Location             Delay type                Incr(ns)  Path(ns)    Netlist Resource(s)
  -------------------------------------------------------------------    -------------------
                         (clock sys_clk_pin rise edge)
                                                      0.000     0.000 r  
    W5                                                0.000     0.000 r  clk (IN)
                         net (fo=0)                   0.000     0.000    clk
    W5                   IBUF (Prop_ibuf_I_O)         0.226     0.226 r  clk_IBUF_inst/O
                         net (fo=1, routed)           0.631     0.858    clk_IBUF
    BUFGCTRL_X0Y0        BUFG (Prop_bufg_I_O)         0.026     0.884 r  clk_IBUF_BUFG_inst/O
                         net (fo=150, routed)         0.566     1.449    uart/uart_rx/clk_IBUF_BUFG
    SLICE_X53Y5          FDRE                                         r  uart/uart_rx/receiving_reg/C
  -------------------------------------------------------------------    -------------------
    SLICE_X53Y5          FDRE (Prop_fdre_C_Q)         0.141     1.590 f  uart/uart_rx/receiving_reg/Q
                         net (fo=20, routed)          0.134     1.724    uart/uart_rx/receiving_reg_n_0
    SLICE_X52Y5          LUT4 (Prop_lut4_I3_O)        0.045     1.769 r  uart/uart_rx/baud_counter[3]_i_1/O
                         net (fo=1, routed)           0.000     1.769    uart/uart_rx/baud_counter[3]_i_1_n_0
    SLICE_X52Y5          FDRE                                         r  uart/uart_rx/baud_counter_reg[3]/D
  -------------------------------------------------------------------    -------------------

                         (clock sys_clk_pin rise edge)
                                                      0.000     0.000 r  
    W5                                                0.000     0.000 r  clk (IN)
                         net (fo=0)                   0.000     0.000    clk
    W5                   IBUF (Prop_ibuf_I_O)         0.414     0.414 r  clk_IBUF_inst/O
                         net (fo=1, routed)           0.685     1.099    clk_IBUF
    BUFGCTRL_X0Y0        BUFG (Prop_bufg_I_O)         0.029     1.128 r  clk_IBUF_BUFG_inst/O
                         net (fo=150, routed)         0.837     1.964    uart/uart_rx/clk_IBUF_BUFG
    SLICE_X52Y5          FDRE                                         r  uart/uart_rx/baud_counter_reg[3]/C
                         clock pessimism             -0.502     1.462    
    SLICE_X52Y5          FDRE (Hold_fdre_C_D)         0.120     1.582    uart/uart_rx/baud_counter_reg[3]
  -------------------------------------------------------------------
                         required time                         -1.582    
                         arrival time                           1.769    
  -------------------------------------------------------------------
                         slack                                  0.187    

Slack (MET) :             0.198ns  (arrival time - required time)
  Source:                 uart/uart_rx/shift_reg_reg[6]/C
                            (rising edge-triggered cell FDRE clocked by sys_clk_pin  {rise@0.000ns fall@5.000ns period=10.000ns})
  Destination:            uart/uart_rx/shift_reg_reg[5]/D
                            (rising edge-triggered cell FDRE clocked by sys_clk_pin  {rise@0.000ns fall@5.000ns period=10.000ns})
  Path Group:             sys_clk_pin
  Path Type:              Hold (Min at Fast Process Corner)
  Requirement:            0.000ns  (sys_clk_pin rise@0.000ns - sys_clk_pin rise@0.000ns)
  Data Path Delay:        0.277ns  (logic 0.164ns (59.205%)  route 0.113ns (40.795%))
  Logic Levels:           0  
  Clock Path Skew:        0.016ns (DCD - SCD - CPR)
    Destination Clock Delay (DCD):    1.964ns
    Source Clock Delay      (SCD):    1.449ns
    Clock Pessimism Removal (CPR):    0.499ns

    Location             Delay type                Incr(ns)  Path(ns)    Netlist Resource(s)
  -------------------------------------------------------------------    -------------------
                         (clock sys_clk_pin rise edge)
                                                      0.000     0.000 r  
    W5                                                0.000     0.000 r  clk (IN)
                         net (fo=0)                   0.000     0.000    clk
    W5                   IBUF (Prop_ibuf_I_O)         0.226     0.226 r  clk_IBUF_inst/O
                         net (fo=1, routed)           0.631     0.858    clk_IBUF
    BUFGCTRL_X0Y0        BUFG (Prop_bufg_I_O)         0.026     0.884 r  clk_IBUF_BUFG_inst/O
                         net (fo=150, routed)         0.566     1.449    uart/uart_rx/clk_IBUF_BUFG
    SLICE_X50Y5          FDRE                                         r  uart/uart_rx/shift_reg_reg[6]/C
  -------------------------------------------------------------------    -------------------
    SLICE_X50Y5          FDRE (Prop_fdre_C_Q)         0.164     1.613 r  uart/uart_rx/shift_reg_reg[6]/Q
                         net (fo=1, routed)           0.113     1.726    uart/uart_rx/shift_reg[6]
    SLICE_X50Y4          FDRE                                         r  uart/uart_rx/shift_reg_reg[5]/D
  -------------------------------------------------------------------    -------------------

                         (clock sys_clk_pin rise edge)
                                                      0.000     0.000 r  
    W5                                                0.000     0.000 r  clk (IN)
                         net (fo=0)                   0.000     0.000    clk
    W5                   IBUF (Prop_ibuf_I_O)         0.414     0.414 r  clk_IBUF_inst/O
                         net (fo=1, routed)           0.685     1.099    clk_IBUF
    BUFGCTRL_X0Y0        BUFG (Prop_bufg_I_O)         0.029     1.128 r  clk_IBUF_BUFG_inst/O
                         net (fo=150, routed)         0.837     1.964    uart/uart_rx/clk_IBUF_BUFG
    SLICE_X50Y4          FDRE                                         r  uart/uart_rx/shift_reg_reg[5]/C
                         clock pessimism             -0.499     1.465    
    SLICE_X50Y4          FDRE (Hold_fdre_C_D)         0.063     1.528    uart/uart_rx/shift_reg_reg[5]
  -------------------------------------------------------------------
                         required time                         -1.528    
                         arrival time                           1.726    
  -------------------------------------------------------------------
                         slack                                  0.198    

Slack (MET) :             0.206ns  (arrival time - required time)
  Source:                 d0/DFF_reg[1]/C
                            (rising edge-triggered cell FDRE clocked by sys_clk_pin  {rise@0.000ns fall@5.000ns period=10.000ns})
  Destination:            d1/PB_debounced_delay_reg/D
                            (rising edge-triggered cell FDRE clocked by sys_clk_pin  {rise@0.000ns fall@5.000ns period=10.000ns})
  Path Group:             sys_clk_pin
  Path Type:              Hold (Min at Fast Process Corner)
  Requirement:            0.000ns  (sys_clk_pin rise@0.000ns - sys_clk_pin rise@0.000ns)
  Data Path Delay:        0.297ns  (logic 0.227ns (76.370%)  route 0.070ns (23.630%))
  Logic Levels:           1  (LUT5=1)
  Clock Path Skew:        0.000ns (DCD - SCD - CPR)
    Destination Clock Delay (DCD):    1.963ns
    Source Clock Delay      (SCD):    1.450ns
    Clock Pessimism Removal (CPR):    0.513ns

    Location             Delay type                Incr(ns)  Path(ns)    Netlist Resource(s)
  -------------------------------------------------------------------    -------------------
                         (clock sys_clk_pin rise edge)
                                                      0.000     0.000 r  
    W5                                                0.000     0.000 r  clk (IN)
                         net (fo=0)                   0.000     0.000    clk
    W5                   IBUF (Prop_ibuf_I_O)         0.226     0.226 r  clk_IBUF_inst/O
                         net (fo=1, routed)           0.631     0.858    clk_IBUF
    BUFGCTRL_X0Y0        BUFG (Prop_bufg_I_O)         0.026     0.884 r  clk_IBUF_BUFG_inst/O
                         net (fo=150, routed)         0.567     1.450    d0/clk_IBUF_BUFG
    SLICE_X57Y7          FDRE                                         r  d0/DFF_reg[1]/C
  -------------------------------------------------------------------    -------------------
    SLICE_X57Y7          FDRE (Prop_fdre_C_Q)         0.128     1.578 r  d0/DFF_reg[1]/Q
                         net (fo=3, routed)           0.070     1.648    d0/DFF[1]
    SLICE_X57Y7          LUT5 (Prop_lut5_I3_O)        0.099     1.747 r  d0/pb_debounced/O
                         net (fo=1, routed)           0.000     1.747    d1/rst_pb
    SLICE_X57Y7          FDRE                                         r  d1/PB_debounced_delay_reg/D
  -------------------------------------------------------------------    -------------------

                         (clock sys_clk_pin rise edge)
                                                      0.000     0.000 r  
    W5                                                0.000     0.000 r  clk (IN)
                         net (fo=0)                   0.000     0.000    clk
    W5                   IBUF (Prop_ibuf_I_O)         0.414     0.414 r  clk_IBUF_inst/O
                         net (fo=1, routed)           0.685     1.099    clk_IBUF
    BUFGCTRL_X0Y0        BUFG (Prop_bufg_I_O)         0.029     1.128 r  clk_IBUF_BUFG_inst/O
                         net (fo=150, routed)         0.836     1.963    d1/clk_IBUF_BUFG
    SLICE_X57Y7          FDRE                                         r  d1/PB_debounced_delay_reg/C
                         clock pessimism             -0.513     1.450    
    SLICE_X57Y7          FDRE (Hold_fdre_C_D)         0.091     1.541    d1/PB_debounced_delay_reg
  -------------------------------------------------------------------
                         required time                         -1.541    
                         arrival time                           1.747    
  -------------------------------------------------------------------
                         slack                                  0.206    

Slack (MET) :             0.217ns  (arrival time - required time)
  Source:                 d0/DFF_reg[0]/C
                            (rising edge-triggered cell FDRE clocked by sys_clk_pin  {rise@0.000ns fall@5.000ns period=10.000ns})
  Destination:            d1/PB_one_pulse_reg/D
                            (rising edge-triggered cell FDRE clocked by sys_clk_pin  {rise@0.000ns fall@5.000ns period=10.000ns})
  Path Group:             sys_clk_pin
  Path Type:              Hold (Min at Fast Process Corner)
  Requirement:            0.000ns  (sys_clk_pin rise@0.000ns - sys_clk_pin rise@0.000ns)
  Data Path Delay:        0.346ns  (logic 0.186ns (53.691%)  route 0.160ns (46.309%))
  Logic Levels:           1  (LUT6=1)
  Clock Path Skew:        0.037ns (DCD - SCD - CPR)
    Destination Clock Delay (DCD):    1.963ns
    Source Clock Delay      (SCD):    1.448ns
    Clock Pessimism Removal (CPR):    0.478ns

    Location             Delay type                Incr(ns)  Path(ns)    Netlist Resource(s)
  -------------------------------------------------------------------    -------------------
                         (clock sys_clk_pin rise edge)
                                                      0.000     0.000 r  
    W5                                                0.000     0.000 r  clk (IN)
                         net (fo=0)                   0.000     0.000    clk
    W5                   IBUF (Prop_ibuf_I_O)         0.226     0.226 r  clk_IBUF_inst/O
                         net (fo=1, routed)           0.631     0.858    clk_IBUF
    BUFGCTRL_X0Y0        BUFG (Prop_bufg_I_O)         0.026     0.884 r  clk_IBUF_BUFG_inst/O
                         net (fo=150, routed)         0.565     1.448    d0/clk_IBUF_BUFG
    SLICE_X55Y8          FDRE                                         r  d0/DFF_reg[0]/C
  -------------------------------------------------------------------    -------------------
    SLICE_X55Y8          FDRE (Prop_fdre_C_Q)         0.141     1.589 r  d0/DFF_reg[0]/Q
                         net (fo=3, routed)           0.160     1.750    d0/DFF[0]
    SLICE_X57Y7          LUT6 (Prop_lut6_I4_O)        0.045     1.795 r  d0/PB_one_pulse_i_1/O
                         net (fo=1, routed)           0.000     1.795    d1/PB_one_pulse_reg_1
    SLICE_X57Y7          FDRE                                         r  d1/PB_one_pulse_reg/D
  -------------------------------------------------------------------    -------------------

                         (clock sys_clk_pin rise edge)
                                                      0.000     0.000 r  
    W5                                                0.000     0.000 r  clk (IN)
                         net (fo=0)                   0.000     0.000    clk
    W5                   IBUF (Prop_ibuf_I_O)         0.414     0.414 r  clk_IBUF_inst/O
                         net (fo=1, routed)           0.685     1.099    clk_IBUF
    BUFGCTRL_X0Y0        BUFG (Prop_bufg_I_O)         0.029     1.128 r  clk_IBUF_BUFG_inst/O
                         net (fo=150, routed)         0.836     1.963    d1/clk_IBUF_BUFG
    SLICE_X57Y7          FDRE                                         r  d1/PB_one_pulse_reg/C
                         clock pessimism             -0.478     1.485    
    SLICE_X57Y7          FDRE (Hold_fdre_C_D)         0.092     1.577    d1/PB_one_pulse_reg
  -------------------------------------------------------------------
                         required time                         -1.577    
                         arrival time                           1.795    
  -------------------------------------------------------------------
                         slack                                  0.217    





Pulse Width Checks
--------------------------------------------------------------------------------------
Clock Name:         sys_clk_pin
Waveform(ns):       { 0.000 5.000 }
Period(ns):         10.000
Sources:            { clk }

Check Type        Corner  Lib Pin  Reference Pin  Required(ns)  Actual(ns)  Slack(ns)  Location       Pin
Min Period        n/a     BUFG/I   n/a            2.155         10.000      7.845      BUFGCTRL_X0Y0  clk_IBUF_BUFG_inst/I
Min Period        n/a     FDRE/C   n/a            1.000         10.000      9.000      SLICE_X63Y17   seg_counter_reg[0]/C
Min Period        n/a     FDRE/C   n/a            1.000         10.000      9.000      SLICE_X63Y19   seg_counter_reg[10]/C
Min Period        n/a     FDRE/C   n/a            1.000         10.000      9.000      SLICE_X63Y19   seg_counter_reg[11]/C
Min Period        n/a     FDRE/C   n/a            1.000         10.000      9.000      SLICE_X63Y20   seg_counter_reg[12]/C
Min Period        n/a     FDRE/C   n/a            1.000         10.000      9.000      SLICE_X63Y20   seg_counter_reg[13]/C
Min Period        n/a     FDRE/C   n/a            1.000         10.000      9.000      SLICE_X63Y20   seg_counter_reg[14]/C
Min Period        n/a     FDRE/C   n/a            1.000         10.000      9.000      SLICE_X63Y20   seg_counter_reg[15]/C
Min Period        n/a     FDRE/C   n/a            1.000         10.000      9.000      SLICE_X63Y17   seg_counter_reg[1]/C
Min Period        n/a     FDRE/C   n/a            1.000         10.000      9.000      SLICE_X63Y17   seg_counter_reg[2]/C
Low Pulse Width   Slow    FDRE/C   n/a            0.500         5.000       4.500      SLICE_X63Y17   seg_counter_reg[0]/C
Low Pulse Width   Fast    FDRE/C   n/a            0.500         5.000       4.500      SLICE_X63Y17   seg_counter_reg[0]/C
Low Pulse Width   Slow    FDRE/C   n/a            0.500         5.000       4.500      SLICE_X63Y19   seg_counter_reg[10]/C
Low Pulse Width   Fast    FDRE/C   n/a            0.500         5.000       4.500      SLICE_X63Y19   seg_counter_reg[10]/C
Low Pulse Width   Slow    FDRE/C   n/a            0.500         5.000       4.500      SLICE_X63Y19   seg_counter_reg[11]/C
Low Pulse Width   Fast    FDRE/C   n/a            0.500         5.000       4.500      SLICE_X63Y19   seg_counter_reg[11]/C
Low Pulse Width   Slow    FDRE/C   n/a            0.500         5.000       4.500      SLICE_X63Y20   seg_counter_reg[12]/C
Low Pulse Width   Fast    FDRE/C   n/a            0.500         5.000       4.500      SLICE_X63Y20   seg_counter_reg[12]/C
Low Pulse Width   Slow    FDRE/C   n/a            0.500         5.000       4.500      SLICE_X63Y20   seg_counter_reg[13]/C
Low Pulse Width   Fast    FDRE/C   n/a            0.500         5.000       4.500      SLICE_X63Y20   seg_counter_reg[13]/C
High Pulse Width  Slow    FDRE/C   n/a            0.500         5.000       4.500      SLICE_X63Y17   seg_counter_reg[0]/C
High Pulse Width  Fast    FDRE/C   n/a            0.500         5.000       4.500      SLICE_X63Y17   seg_counter_reg[0]/C
High Pulse Width  Slow    FDRE/C   n/a            0.500         5.000       4.500      SLICE_X63Y19   seg_counter_reg[10]/C
High Pulse Width  Fast    FDRE/C   n/a            0.500         5.000       4.500      SLICE_X63Y19   seg_counter_reg[10]/C
High Pulse Width  Slow    FDRE/C   n/a            0.500         5.000       4.500      SLICE_X63Y19   seg_counter_reg[11]/C
High Pulse Width  Fast    FDRE/C   n/a            0.500         5.000       4.500      SLICE_X63Y19   seg_counter_reg[11]/C
High Pulse Width  Slow    FDRE/C   n/a            0.500         5.000       4.500      SLICE_X63Y20   seg_counter_reg[12]/C
High Pulse Width  Fast    FDRE/C   n/a            0.500         5.000       4.500      SLICE_X63Y20   seg_counter_reg[12]/C
High Pulse Width  Slow    FDRE/C   n/a            0.500         5.000       4.500      SLICE_X63Y20   seg_counter_reg[13]/C
High Pulse Width  Fast    FDRE/C   n/a            0.500         5.000       4.500      SLICE_X63Y20   seg_counter_reg[13]/C



--------------------------------------------------------------------------------------
Path Group:  (none)
From Clock:  
  To Clock:  

Max Delay             2 Endpoints
Min Delay             2 Endpoints
--------------------------------------------------------------------------------------


Max Delay Paths
--------------------------------------------------------------------------------------
Slack:                    inf
  Source:                 collision_in
                            (input port)
  Destination:            collision_out
                            (output port)
  Path Group:             (none)
  Path Type:              Max at Slow Process Corner
  Data Path Delay:        10.842ns  (logic 4.967ns (45.813%)  route 5.875ns (54.187%))
  Logic Levels:           2  (IBUF=1 OBUF=1)

    Location             Delay type                Incr(ns)  Path(ns)    Netlist Resource(s)
  -------------------------------------------------------------------    -------------------
    R18                                               0.000     0.000 r  collision_in (IN)
                         net (fo=0)                   0.000     0.000    collision_in
    R18                  IBUF (Prop_ibuf_I_O)         1.446     1.446 r  collision_in_IBUF_inst/O
                         net (fo=1, routed)           5.875     7.321    collision_out_OBUF
    L1                   OBUF (Prop_obuf_I_O)         3.521    10.842 r  collision_out_OBUF_inst/O
                         net (fo=0)                   0.000    10.842    collision_out
    L1                                                                r  collision_out (OUT)
  -------------------------------------------------------------------    -------------------

Slack:                    inf
  Source:                 start
                            (input port)
  Destination:            start_signal
                            (output port)
  Path Group:             (none)
  Path Type:              Max at Slow Process Corner
  Data Path Delay:        10.327ns  (logic 4.961ns (48.034%)  route 5.367ns (51.966%))
  Logic Levels:           2  (IBUF=1 OBUF=1)

    Location             Delay type                Incr(ns)  Path(ns)    Netlist Resource(s)
  -------------------------------------------------------------------    -------------------
    U17                                               0.000     0.000 r  start (IN)
                         net (fo=0)                   0.000     0.000    start
    U17                  IBUF (Prop_ibuf_I_O)         1.452     1.452 r  start_IBUF_inst/O
                         net (fo=2, routed)           5.367     6.819    start_signal_OBUF
    V3                   OBUF (Prop_obuf_I_O)         3.508    10.327 r  start_signal_OBUF_inst/O
                         net (fo=0)                   0.000    10.327    start_signal
    V3                                                                r  start_signal (OUT)
  -------------------------------------------------------------------    -------------------





Min Delay Paths
--------------------------------------------------------------------------------------
Slack:                    inf
  Source:                 start
                            (input port)
  Destination:            start_signal
                            (output port)
  Path Group:             (none)
  Path Type:              Min at Fast Process Corner
  Data Path Delay:        3.517ns  (logic 1.430ns (40.661%)  route 2.087ns (59.339%))
  Logic Levels:           2  (IBUF=1 OBUF=1)

    Location             Delay type                Incr(ns)  Path(ns)    Netlist Resource(s)
  -------------------------------------------------------------------    -------------------
    U17                                               0.000     0.000 r  start (IN)
                         net (fo=0)                   0.000     0.000    start
    U17                  IBUF (Prop_ibuf_I_O)         0.221     0.221 r  start_IBUF_inst/O
                         net (fo=2, routed)           2.087     2.307    start_signal_OBUF
    V3                   OBUF (Prop_obuf_I_O)         1.209     3.517 r  start_signal_OBUF_inst/O
                         net (fo=0)                   0.000     3.517    start_signal
    V3                                                                r  start_signal (OUT)
  -------------------------------------------------------------------    -------------------

Slack:                    inf
  Source:                 collision_in
                            (input port)
  Destination:            collision_out
                            (output port)
  Path Group:             (none)
  Path Type:              Min at Fast Process Corner
  Data Path Delay:        3.809ns  (logic 1.436ns (37.705%)  route 2.373ns (62.295%))
  Logic Levels:           2  (IBUF=1 OBUF=1)

    Location             Delay type                Incr(ns)  Path(ns)    Netlist Resource(s)
  -------------------------------------------------------------------    -------------------
    R18                                               0.000     0.000 r  collision_in (IN)
                         net (fo=0)                   0.000     0.000    collision_in
    R18                  IBUF (Prop_ibuf_I_O)         0.214     0.214 r  collision_in_IBUF_inst/O
                         net (fo=1, routed)           2.373     2.587    collision_out_OBUF
    L1                   OBUF (Prop_obuf_I_O)         1.222     3.809 r  collision_out_OBUF_inst/O
                         net (fo=0)                   0.000     3.809    collision_out
    L1                                                                r  collision_out (OUT)
  -------------------------------------------------------------------    -------------------





--------------------------------------------------------------------------------------
Path Group:  (none)
From Clock:  sys_clk_pin
  To Clock:  

Max Delay            13 Endpoints
Min Delay            13 Endpoints
--------------------------------------------------------------------------------------


Max Delay Paths
--------------------------------------------------------------------------------------
Slack:                    inf
  Source:                 servo_motor/servo_reg_reg/C
                            (rising edge-triggered cell FDRE clocked by sys_clk_pin  {rise@0.000ns fall@5.000ns period=10.000ns})
  Destination:            servo_pwm
                            (output port)
  Path Group:             (none)
  Path Type:              Max at Slow Process Corner
  Data Path Delay:        10.705ns  (logic 3.959ns (36.986%)  route 6.745ns (63.014%))
  Logic Levels:           1  (OBUF=1)
  Clock Uncertainty:      0.025ns  ((TSJ^2 + TIJ^2)^1/2 + DJ) / 2 + PE
    Total System Jitter     (TSJ):    0.050ns
    Total Input Jitter      (TIJ):    0.000ns
    Discrete Jitter          (DJ):    0.000ns
    Phase Error              (PE):    0.000ns

    Location             Delay type                Incr(ns)  Path(ns)    Netlist Resource(s)
  -------------------------------------------------------------------    -------------------
                         (clock sys_clk_pin rise edge)
                                                      0.000     0.000 r  
    W5                                                0.000     0.000 r  clk (IN)
                         net (fo=0)                   0.000     0.000    clk
    W5                   IBUF (Prop_ibuf_I_O)         1.458     1.458 r  clk_IBUF_inst/O
                         net (fo=1, routed)           1.967     3.425    clk_IBUF
    BUFGCTRL_X0Y0        BUFG (Prop_bufg_I_O)         0.096     3.521 r  clk_IBUF_BUFG_inst/O
                         net (fo=150, routed)         1.569     5.090    servo_motor/clk_IBUF_BUFG
    SLICE_X55Y9          FDRE                                         r  servo_motor/servo_reg_reg/C
  -------------------------------------------------------------------    -------------------
    SLICE_X55Y9          FDRE (Prop_fdre_C_Q)         0.456     5.546 r  servo_motor/servo_reg_reg/Q
                         net (fo=1, routed)           6.745    12.292    servo_pwm_OBUF
    B16                  OBUF (Prop_obuf_I_O)         3.503    15.795 r  servo_pwm_OBUF_inst/O
                         net (fo=0)                   0.000    15.795    servo_pwm
    B16                                                               r  servo_pwm (OUT)
  -------------------------------------------------------------------    -------------------

Slack:                    inf
  Source:                 uart/uart_tx/tx_reg/C
                            (rising edge-triggered cell FDRE clocked by sys_clk_pin  {rise@0.000ns fall@5.000ns period=10.000ns})
  Destination:            tx
                            (output port)
  Path Group:             (none)
  Path Type:              Max at Slow Process Corner
  Data Path Delay:        10.065ns  (logic 4.036ns (40.095%)  route 6.030ns (59.905%))
  Logic Levels:           1  (OBUF=1)
  Clock Uncertainty:      0.025ns  ((TSJ^2 + TIJ^2)^1/2 + DJ) / 2 + PE
    Total System Jitter     (TSJ):    0.050ns
    Total Input Jitter      (TIJ):    0.000ns
    Discrete Jitter          (DJ):    0.000ns
    Phase Error              (PE):    0.000ns

    Location             Delay type                Incr(ns)  Path(ns)    Netlist Resource(s)
  -------------------------------------------------------------------    -------------------
                         (clock sys_clk_pin rise edge)
                                                      0.000     0.000 r  
    W5                                                0.000     0.000 r  clk (IN)
                         net (fo=0)                   0.000     0.000    clk
    W5                   IBUF (Prop_ibuf_I_O)         1.458     1.458 r  clk_IBUF_inst/O
                         net (fo=1, routed)           1.967     3.425    clk_IBUF
    BUFGCTRL_X0Y0        BUFG (Prop_bufg_I_O)         0.096     3.521 r  clk_IBUF_BUFG_inst/O
                         net (fo=150, routed)         1.636     5.157    uart/uart_tx/clk_IBUF_BUFG
    SLICE_X64Y10         FDRE                                         r  uart/uart_tx/tx_reg/C
  -------------------------------------------------------------------    -------------------
    SLICE_X64Y10         FDRE (Prop_fdre_C_Q)         0.518     5.675 r  uart/uart_tx/tx_reg/Q
                         net (fo=1, routed)           6.030    11.705    tx_OBUF
    A18                  OBUF (Prop_obuf_I_O)         3.518    15.223 r  tx_OBUF_inst/O
                         net (fo=0)                   0.000    15.223    tx
    A18                                                               r  tx (OUT)
  -------------------------------------------------------------------    -------------------

Slack:                    inf
  Source:                 fsm/FSM_onehot_state_reg[4]/C
                            (rising edge-triggered cell FDRE clocked by sys_clk_pin  {rise@0.000ns fall@5.000ns period=10.000ns})
  Destination:            seg[5]
                            (output port)
  Path Group:             (none)
  Path Type:              Max at Slow Process Corner
  Data Path Delay:        9.578ns  (logic 5.012ns (52.328%)  route 4.566ns (47.672%))
  Logic Levels:           4  (LUT2=1 LUT4=1 LUT6=1 OBUF=1)
  Clock Uncertainty:      0.025ns  ((TSJ^2 + TIJ^2)^1/2 + DJ) / 2 + PE
    Total System Jitter     (TSJ):    0.050ns
    Total Input Jitter      (TIJ):    0.000ns
    Discrete Jitter          (DJ):    0.000ns
    Phase Error              (PE):    0.000ns

    Location             Delay type                Incr(ns)  Path(ns)    Netlist Resource(s)
  -------------------------------------------------------------------    -------------------
                         (clock sys_clk_pin rise edge)
                                                      0.000     0.000 r  
    W5                                                0.000     0.000 r  clk (IN)
                         net (fo=0)                   0.000     0.000    clk
    W5                   IBUF (Prop_ibuf_I_O)         1.458     1.458 r  clk_IBUF_inst/O
                         net (fo=1, routed)           1.967     3.425    clk_IBUF
    BUFGCTRL_X0Y0        BUFG (Prop_bufg_I_O)         0.096     3.521 r  clk_IBUF_BUFG_inst/O
                         net (fo=150, routed)         1.637     5.158    fsm/clk_IBUF_BUFG
    SLICE_X60Y4          FDRE                                         r  fsm/FSM_onehot_state_reg[4]/C
  -------------------------------------------------------------------    -------------------
    SLICE_X60Y4          FDRE (Prop_fdre_C_Q)         0.478     5.636 r  fsm/FSM_onehot_state_reg[4]/Q
                         net (fo=4, routed)           0.713     6.349    fsm/FSM_onehot_state_reg_n_0_[4]
    SLICE_X61Y4          LUT2 (Prop_lut2_I0_O)        0.321     6.670 f  fsm/seg_OBUF[6]_inst_i_6/O
                         net (fo=2, routed)           0.796     7.465    fsm/seg_OBUF[6]_inst_i_6_n_0
    SLICE_X64Y4          LUT6 (Prop_lut6_I0_O)        0.326     7.791 f  fsm/seg_OBUF[6]_inst_i_2/O
                         net (fo=7, routed)           0.792     8.583    fsm/seg_OBUF[6]_inst_i_2_n_0
    SLICE_X65Y5          LUT4 (Prop_lut4_I3_O)        0.150     8.733 r  fsm/seg_OBUF[5]_inst_i_1/O
                         net (fo=1, routed)           2.266    10.999    seg_OBUF[5]
    W6                   OBUF (Prop_obuf_I_O)         3.737    14.737 r  seg_OBUF[5]_inst/O
                         net (fo=0)                   0.000    14.737    seg[5]
    W6                                                                r  seg[5] (OUT)
  -------------------------------------------------------------------    -------------------

Slack:                    inf
  Source:                 fsm/FSM_onehot_state_reg[4]/C
                            (rising edge-triggered cell FDRE clocked by sys_clk_pin  {rise@0.000ns fall@5.000ns period=10.000ns})
  Destination:            seg[1]
                            (output port)
  Path Group:             (none)
  Path Type:              Max at Slow Process Corner
  Data Path Delay:        9.535ns  (logic 4.985ns (52.285%)  route 4.550ns (47.715%))
  Logic Levels:           4  (LUT2=1 LUT4=1 LUT6=1 OBUF=1)
  Clock Uncertainty:      0.025ns  ((TSJ^2 + TIJ^2)^1/2 + DJ) / 2 + PE
    Total System Jitter     (TSJ):    0.050ns
    Total Input Jitter      (TIJ):    0.000ns
    Discrete Jitter          (DJ):    0.000ns
    Phase Error              (PE):    0.000ns

    Location             Delay type                Incr(ns)  Path(ns)    Netlist Resource(s)
  -------------------------------------------------------------------    -------------------
                         (clock sys_clk_pin rise edge)
                                                      0.000     0.000 r  
    W5                                                0.000     0.000 r  clk (IN)
                         net (fo=0)                   0.000     0.000    clk
    W5                   IBUF (Prop_ibuf_I_O)         1.458     1.458 r  clk_IBUF_inst/O
                         net (fo=1, routed)           1.967     3.425    clk_IBUF
    BUFGCTRL_X0Y0        BUFG (Prop_bufg_I_O)         0.096     3.521 r  clk_IBUF_BUFG_inst/O
                         net (fo=150, routed)         1.637     5.158    fsm/clk_IBUF_BUFG
    SLICE_X60Y4          FDRE                                         r  fsm/FSM_onehot_state_reg[4]/C
  -------------------------------------------------------------------    -------------------
    SLICE_X60Y4          FDRE (Prop_fdre_C_Q)         0.478     5.636 f  fsm/FSM_onehot_state_reg[4]/Q
                         net (fo=4, routed)           0.713     6.349    fsm/FSM_onehot_state_reg_n_0_[4]
    SLICE_X61Y4          LUT2 (Prop_lut2_I0_O)        0.321     6.670 r  fsm/seg_OBUF[6]_inst_i_6/O
                         net (fo=2, routed)           0.796     7.465    fsm/seg_OBUF[6]_inst_i_6_n_0
    SLICE_X64Y4          LUT6 (Prop_lut6_I0_O)        0.326     7.791 r  fsm/seg_OBUF[6]_inst_i_2/O
                         net (fo=7, routed)           0.981     8.772    fsm/seg_OBUF[6]_inst_i_2_n_0
    SLICE_X65Y5          LUT4 (Prop_lut4_I3_O)        0.153     8.925 r  fsm/seg_OBUF[1]_inst_i_1/O
                         net (fo=1, routed)           2.061    10.986    seg_OBUF[1]
    V5                   OBUF (Prop_obuf_I_O)         3.707    14.693 r  seg_OBUF[1]_inst/O
                         net (fo=0)                   0.000    14.693    seg[1]
    V5                                                                r  seg[1] (OUT)
  -------------------------------------------------------------------    -------------------

Slack:                    inf
  Source:                 fsm/FSM_onehot_state_reg[4]/C
                            (rising edge-triggered cell FDRE clocked by sys_clk_pin  {rise@0.000ns fall@5.000ns period=10.000ns})
  Destination:            seg[6]
                            (output port)
  Path Group:             (none)
  Path Type:              Max at Slow Process Corner
  Data Path Delay:        9.512ns  (logic 4.760ns (50.038%)  route 4.753ns (49.962%))
  Logic Levels:           4  (LUT2=1 LUT4=1 LUT6=1 OBUF=1)
  Clock Uncertainty:      0.025ns  ((TSJ^2 + TIJ^2)^1/2 + DJ) / 2 + PE
    Total System Jitter     (TSJ):    0.050ns
    Total Input Jitter      (TIJ):    0.000ns
    Discrete Jitter          (DJ):    0.000ns
    Phase Error              (PE):    0.000ns

    Location             Delay type                Incr(ns)  Path(ns)    Netlist Resource(s)
  -------------------------------------------------------------------    -------------------
                         (clock sys_clk_pin rise edge)
                                                      0.000     0.000 r  
    W5                                                0.000     0.000 r  clk (IN)
                         net (fo=0)                   0.000     0.000    clk
    W5                   IBUF (Prop_ibuf_I_O)         1.458     1.458 r  clk_IBUF_inst/O
                         net (fo=1, routed)           1.967     3.425    clk_IBUF
    BUFGCTRL_X0Y0        BUFG (Prop_bufg_I_O)         0.096     3.521 r  clk_IBUF_BUFG_inst/O
                         net (fo=150, routed)         1.637     5.158    fsm/clk_IBUF_BUFG
    SLICE_X60Y4          FDRE                                         r  fsm/FSM_onehot_state_reg[4]/C
  -------------------------------------------------------------------    -------------------
    SLICE_X60Y4          FDRE (Prop_fdre_C_Q)         0.478     5.636 f  fsm/FSM_onehot_state_reg[4]/Q
                         net (fo=4, routed)           0.713     6.349    fsm/FSM_onehot_state_reg_n_0_[4]
    SLICE_X61Y4          LUT2 (Prop_lut2_I0_O)        0.321     6.670 r  fsm/seg_OBUF[6]_inst_i_6/O
                         net (fo=2, routed)           0.796     7.465    fsm/seg_OBUF[6]_inst_i_6_n_0
    SLICE_X64Y4          LUT6 (Prop_lut6_I0_O)        0.326     7.791 r  fsm/seg_OBUF[6]_inst_i_2/O
                         net (fo=7, routed)           0.981     8.772    fsm/seg_OBUF[6]_inst_i_2_n_0
    SLICE_X65Y5          LUT4 (Prop_lut4_I0_O)        0.124     8.896 r  fsm/seg_OBUF[6]_inst_i_1/O
                         net (fo=1, routed)           2.264    11.160    seg_OBUF[6]
    W7                   OBUF (Prop_obuf_I_O)         3.511    14.671 r  seg_OBUF[6]_inst/O
                         net (fo=0)                   0.000    14.671    seg[6]
    W7                                                                r  seg[6] (OUT)
  -------------------------------------------------------------------    -------------------

Slack:                    inf
  Source:                 fsm/FSM_onehot_state_reg[4]/C
                            (rising edge-triggered cell FDRE clocked by sys_clk_pin  {rise@0.000ns fall@5.000ns period=10.000ns})
  Destination:            seg[4]
                            (output port)
  Path Group:             (none)
  Path Type:              Max at Slow Process Corner
  Data Path Delay:        9.402ns  (logic 4.784ns (50.883%)  route 4.618ns (49.117%))
  Logic Levels:           4  (LUT2=1 LUT4=1 LUT6=1 OBUF=1)
  Clock Uncertainty:      0.025ns  ((TSJ^2 + TIJ^2)^1/2 + DJ) / 2 + PE
    Total System Jitter     (TSJ):    0.050ns
    Total Input Jitter      (TIJ):    0.000ns
    Discrete Jitter          (DJ):    0.000ns
    Phase Error              (PE):    0.000ns

    Location             Delay type                Incr(ns)  Path(ns)    Netlist Resource(s)
  -------------------------------------------------------------------    -------------------
                         (clock sys_clk_pin rise edge)
                                                      0.000     0.000 r  
    W5                                                0.000     0.000 r  clk (IN)
                         net (fo=0)                   0.000     0.000    clk
    W5                   IBUF (Prop_ibuf_I_O)         1.458     1.458 r  clk_IBUF_inst/O
                         net (fo=1, routed)           1.967     3.425    clk_IBUF
    BUFGCTRL_X0Y0        BUFG (Prop_bufg_I_O)         0.096     3.521 r  clk_IBUF_BUFG_inst/O
                         net (fo=150, routed)         1.637     5.158    fsm/clk_IBUF_BUFG
    SLICE_X60Y4          FDRE                                         r  fsm/FSM_onehot_state_reg[4]/C
  -------------------------------------------------------------------    -------------------
    SLICE_X60Y4          FDRE (Prop_fdre_C_Q)         0.478     5.636 r  fsm/FSM_onehot_state_reg[4]/Q
                         net (fo=4, routed)           0.713     6.349    fsm/FSM_onehot_state_reg_n_0_[4]
    SLICE_X61Y4          LUT2 (Prop_lut2_I0_O)        0.321     6.670 f  fsm/seg_OBUF[6]_inst_i_6/O
                         net (fo=2, routed)           0.812     7.482    fsm/seg_OBUF[6]_inst_i_6_n_0
    SLICE_X64Y4          LUT6 (Prop_lut6_I5_O)        0.326     7.808 f  fsm/seg_OBUF[6]_inst_i_3/O
                         net (fo=7, routed)           0.838     8.646    fsm/seg_OBUF[6]_inst_i_3_n_0
    SLICE_X65Y5          LUT4 (Prop_lut4_I1_O)        0.124     8.770 r  fsm/seg_OBUF[4]_inst_i_1/O
                         net (fo=1, routed)           2.255    11.025    seg_OBUF[4]
    U8                   OBUF (Prop_obuf_I_O)         3.535    14.561 r  seg_OBUF[4]_inst/O
                         net (fo=0)                   0.000    14.561    seg[4]
    U8                                                                r  seg[4] (OUT)
  -------------------------------------------------------------------    -------------------

Slack:                    inf
  Source:                 fsm/FSM_onehot_state_reg[4]/C
                            (rising edge-triggered cell FDRE clocked by sys_clk_pin  {rise@0.000ns fall@5.000ns period=10.000ns})
  Destination:            seg[3]
                            (output port)
  Path Group:             (none)
  Path Type:              Max at Slow Process Corner
  Data Path Delay:        9.342ns  (logic 4.785ns (51.216%)  route 4.557ns (48.784%))
  Logic Levels:           4  (LUT2=1 LUT4=1 LUT6=1 OBUF=1)
  Clock Uncertainty:      0.025ns  ((TSJ^2 + TIJ^2)^1/2 + DJ) / 2 + PE
    Total System Jitter     (TSJ):    0.050ns
    Total Input Jitter      (TIJ):    0.000ns
    Discrete Jitter          (DJ):    0.000ns
    Phase Error              (PE):    0.000ns

    Location             Delay type                Incr(ns)  Path(ns)    Netlist Resource(s)
  -------------------------------------------------------------------    -------------------
                         (clock sys_clk_pin rise edge)
                                                      0.000     0.000 r  
    W5                                                0.000     0.000 r  clk (IN)
                         net (fo=0)                   0.000     0.000    clk
    W5                   IBUF (Prop_ibuf_I_O)         1.458     1.458 r  clk_IBUF_inst/O
                         net (fo=1, routed)           1.967     3.425    clk_IBUF
    BUFGCTRL_X0Y0        BUFG (Prop_bufg_I_O)         0.096     3.521 r  clk_IBUF_BUFG_inst/O
                         net (fo=150, routed)         1.637     5.158    fsm/clk_IBUF_BUFG
    SLICE_X60Y4          FDRE                                         r  fsm/FSM_onehot_state_reg[4]/C
  -------------------------------------------------------------------    -------------------
    SLICE_X60Y4          FDRE (Prop_fdre_C_Q)         0.478     5.636 f  fsm/FSM_onehot_state_reg[4]/Q
                         net (fo=4, routed)           0.713     6.349    fsm/FSM_onehot_state_reg_n_0_[4]
    SLICE_X61Y4          LUT2 (Prop_lut2_I0_O)        0.321     6.670 r  fsm/seg_OBUF[6]_inst_i_6/O
                         net (fo=2, routed)           0.796     7.465    fsm/seg_OBUF[6]_inst_i_6_n_0
    SLICE_X64Y4          LUT6 (Prop_lut6_I0_O)        0.326     7.791 r  fsm/seg_OBUF[6]_inst_i_2/O
                         net (fo=7, routed)           0.792     8.583    fsm/seg_OBUF[6]_inst_i_2_n_0
    SLICE_X65Y5          LUT4 (Prop_lut4_I2_O)        0.124     8.707 r  fsm/seg_OBUF[3]_inst_i_1/O
                         net (fo=1, routed)           2.257    10.965    seg_OBUF[3]
    V8                   OBUF (Prop_obuf_I_O)         3.536    14.500 r  seg_OBUF[3]_inst/O
                         net (fo=0)                   0.000    14.500    seg[3]
    V8                                                                r  seg[3] (OUT)
  -------------------------------------------------------------------    -------------------

Slack:                    inf
  Source:                 fsm/FSM_onehot_state_reg[4]/C
                            (rising edge-triggered cell FDRE clocked by sys_clk_pin  {rise@0.000ns fall@5.000ns period=10.000ns})
  Destination:            seg[0]
                            (output port)
  Path Group:             (none)
  Path Type:              Max at Slow Process Corner
  Data Path Delay:        9.034ns  (logic 5.008ns (55.442%)  route 4.025ns (44.558%))
  Logic Levels:           4  (LUT2=1 LUT4=1 LUT6=1 OBUF=1)
  Clock Uncertainty:      0.025ns  ((TSJ^2 + TIJ^2)^1/2 + DJ) / 2 + PE
    Total System Jitter     (TSJ):    0.050ns
    Total Input Jitter      (TIJ):    0.000ns
    Discrete Jitter          (DJ):    0.000ns
    Phase Error              (PE):    0.000ns

    Location             Delay type                Incr(ns)  Path(ns)    Netlist Resource(s)
  -------------------------------------------------------------------    -------------------
                         (clock sys_clk_pin rise edge)
                                                      0.000     0.000 r  
    W5                                                0.000     0.000 r  clk (IN)
                         net (fo=0)                   0.000     0.000    clk
    W5                   IBUF (Prop_ibuf_I_O)         1.458     1.458 r  clk_IBUF_inst/O
                         net (fo=1, routed)           1.967     3.425    clk_IBUF
    BUFGCTRL_X0Y0        BUFG (Prop_bufg_I_O)         0.096     3.521 r  clk_IBUF_BUFG_inst/O
                         net (fo=150, routed)         1.637     5.158    fsm/clk_IBUF_BUFG
    SLICE_X60Y4          FDRE                                         r  fsm/FSM_onehot_state_reg[4]/C
  -------------------------------------------------------------------    -------------------
    SLICE_X60Y4          FDRE (Prop_fdre_C_Q)         0.478     5.636 f  fsm/FSM_onehot_state_reg[4]/Q
                         net (fo=4, routed)           0.713     6.349    fsm/FSM_onehot_state_reg_n_0_[4]
    SLICE_X61Y4          LUT2 (Prop_lut2_I0_O)        0.321     6.670 r  fsm/seg_OBUF[6]_inst_i_6/O
                         net (fo=2, routed)           0.796     7.465    fsm/seg_OBUF[6]_inst_i_6_n_0
    SLICE_X64Y4          LUT6 (Prop_lut6_I0_O)        0.326     7.791 r  fsm/seg_OBUF[6]_inst_i_2/O
                         net (fo=7, routed)           0.642     8.433    fsm/seg_OBUF[6]_inst_i_2_n_0
    SLICE_X65Y5          LUT4 (Prop_lut4_I3_O)        0.150     8.583 r  fsm/seg_OBUF[0]_inst_i_1/O
                         net (fo=1, routed)           1.875    10.458    seg_OBUF[0]
    U7                   OBUF (Prop_obuf_I_O)         3.733    14.192 r  seg_OBUF[0]_inst/O
                         net (fo=0)                   0.000    14.192    seg[0]
    U7                                                                r  seg[0] (OUT)
  -------------------------------------------------------------------    -------------------

Slack:                    inf
  Source:                 fsm/FSM_onehot_state_reg[4]/C
                            (rising edge-triggered cell FDRE clocked by sys_clk_pin  {rise@0.000ns fall@5.000ns period=10.000ns})
  Destination:            seg[2]
                            (output port)
  Path Group:             (none)
  Path Type:              Max at Slow Process Corner
  Data Path Delay:        8.997ns  (logic 4.769ns (53.008%)  route 4.228ns (46.992%))
  Logic Levels:           4  (LUT2=1 LUT5=1 LUT6=1 OBUF=1)
  Clock Uncertainty:      0.025ns  ((TSJ^2 + TIJ^2)^1/2 + DJ) / 2 + PE
    Total System Jitter     (TSJ):    0.050ns
    Total Input Jitter      (TIJ):    0.000ns
    Discrete Jitter          (DJ):    0.000ns
    Phase Error              (PE):    0.000ns

    Location             Delay type                Incr(ns)  Path(ns)    Netlist Resource(s)
  -------------------------------------------------------------------    -------------------
                         (clock sys_clk_pin rise edge)
                                                      0.000     0.000 r  
    W5                                                0.000     0.000 r  clk (IN)
                         net (fo=0)                   0.000     0.000    clk
    W5                   IBUF (Prop_ibuf_I_O)         1.458     1.458 r  clk_IBUF_inst/O
                         net (fo=1, routed)           1.967     3.425    clk_IBUF
    BUFGCTRL_X0Y0        BUFG (Prop_bufg_I_O)         0.096     3.521 r  clk_IBUF_BUFG_inst/O
                         net (fo=150, routed)         1.637     5.158    fsm/clk_IBUF_BUFG
    SLICE_X60Y4          FDRE                                         r  fsm/FSM_onehot_state_reg[4]/C
  -------------------------------------------------------------------    -------------------
    SLICE_X60Y4          FDRE (Prop_fdre_C_Q)         0.478     5.636 f  fsm/FSM_onehot_state_reg[4]/Q
                         net (fo=4, routed)           0.713     6.349    fsm/FSM_onehot_state_reg_n_0_[4]
    SLICE_X61Y4          LUT2 (Prop_lut2_I0_O)        0.321     6.670 r  fsm/seg_OBUF[6]_inst_i_6/O
                         net (fo=2, routed)           0.796     7.465    fsm/seg_OBUF[6]_inst_i_6_n_0
    SLICE_X64Y4          LUT6 (Prop_lut6_I0_O)        0.326     7.791 r  fsm/seg_OBUF[6]_inst_i_2/O
                         net (fo=7, routed)           0.642     8.433    fsm/seg_OBUF[6]_inst_i_2_n_0
    SLICE_X65Y5          LUT5 (Prop_lut5_I4_O)        0.124     8.557 r  fsm/seg_OBUF[2]_inst_i_1/O
                         net (fo=1, routed)           2.078    10.635    seg_OBUF[2]
    U5                   OBUF (Prop_obuf_I_O)         3.520    14.155 r  seg_OBUF[2]_inst/O
                         net (fo=0)                   0.000    14.155    seg[2]
    U5                                                                r  seg[2] (OUT)
  -------------------------------------------------------------------    -------------------

Slack:                    inf
  Source:                 seg_sel_reg[0]/C
                            (rising edge-triggered cell FDRE clocked by sys_clk_pin  {rise@0.000ns fall@5.000ns period=10.000ns})
  Destination:            AN[0]
                            (output port)
  Path Group:             (none)
  Path Type:              Max at Slow Process Corner
  Data Path Delay:        7.216ns  (logic 4.375ns (60.629%)  route 2.841ns (39.371%))
  Logic Levels:           2  (LUT2=1 OBUF=1)
  Clock Uncertainty:      0.025ns  ((TSJ^2 + TIJ^2)^1/2 + DJ) / 2 + PE
    Total System Jitter     (TSJ):    0.050ns
    Total Input Jitter      (TIJ):    0.000ns
    Discrete Jitter          (DJ):    0.000ns
    Phase Error              (PE):    0.000ns

    Location             Delay type                Incr(ns)  Path(ns)    Netlist Resource(s)
  -------------------------------------------------------------------    -------------------
                         (clock sys_clk_pin rise edge)
                                                      0.000     0.000 r  
    W5                                                0.000     0.000 r  clk (IN)
                         net (fo=0)                   0.000     0.000    clk
    W5                   IBUF (Prop_ibuf_I_O)         1.458     1.458 r  clk_IBUF_inst/O
                         net (fo=1, routed)           1.967     3.425    clk_IBUF
    BUFGCTRL_X0Y0        BUFG (Prop_bufg_I_O)         0.096     3.521 r  clk_IBUF_BUFG_inst/O
                         net (fo=150, routed)         1.620     5.141    clk_IBUF_BUFG
    SLICE_X64Y23         FDRE                                         r  seg_sel_reg[0]/C
  -------------------------------------------------------------------    -------------------
    SLICE_X64Y23         FDRE (Prop_fdre_C_Q)         0.518     5.659 f  seg_sel_reg[0]/Q
                         net (fo=6, routed)           0.892     6.552    seg_sel[0]
    SLICE_X64Y23         LUT2 (Prop_lut2_I1_O)        0.150     6.702 r  AN_OBUF[0]_inst_i_1/O
                         net (fo=1, routed)           1.949     8.650    AN_OBUF[0]
    U2                   OBUF (Prop_obuf_I_O)         3.707    12.357 r  AN_OBUF[0]_inst/O
                         net (fo=0)                   0.000    12.357    AN[0]
    U2                                                                r  AN[0] (OUT)
  -------------------------------------------------------------------    -------------------





Min Delay Paths
--------------------------------------------------------------------------------------
Slack:                    inf
  Source:                 seg_sel_reg[1]/C
                            (rising edge-triggered cell FDRE clocked by sys_clk_pin  {rise@0.000ns fall@5.000ns period=10.000ns})
  Destination:            AN[1]
                            (output port)
  Path Group:             (none)
  Path Type:              Min at Fast Process Corner
  Data Path Delay:        2.020ns  (logic 1.446ns (71.600%)  route 0.574ns (28.400%))
  Logic Levels:           2  (LUT2=1 OBUF=1)
  Clock Uncertainty:      0.025ns  ((TSJ^2 + TIJ^2)^1/2 + DJ) / 2 + PE
    Total System Jitter     (TSJ):    0.050ns
    Total Input Jitter      (TIJ):    0.000ns
    Discrete Jitter          (DJ):    0.000ns
    Phase Error              (PE):    0.000ns

    Location             Delay type                Incr(ns)  Path(ns)    Netlist Resource(s)
  -------------------------------------------------------------------    -------------------
                         (clock sys_clk_pin rise edge)
                                                      0.000     0.000 r  
    W5                                                0.000     0.000 r  clk (IN)
                         net (fo=0)                   0.000     0.000    clk
    W5                   IBUF (Prop_ibuf_I_O)         0.226     0.226 r  clk_IBUF_inst/O
                         net (fo=1, routed)           0.631     0.858    clk_IBUF
    BUFGCTRL_X0Y0        BUFG (Prop_bufg_I_O)         0.026     0.884 r  clk_IBUF_BUFG_inst/O
                         net (fo=150, routed)         0.583     1.466    clk_IBUF_BUFG
    SLICE_X64Y23         FDRE                                         r  seg_sel_reg[1]/C
  -------------------------------------------------------------------    -------------------
    SLICE_X64Y23         FDRE (Prop_fdre_C_Q)         0.148     1.614 f  seg_sel_reg[1]/Q
                         net (fo=5, routed)           0.119     1.733    seg_sel[1]
    SLICE_X64Y23         LUT2 (Prop_lut2_I1_O)        0.098     1.831 r  AN_OBUF[1]_inst_i_1/O
                         net (fo=1, routed)           0.455     2.286    AN_OBUF[1]
    U4                   OBUF (Prop_obuf_I_O)         1.200     3.486 r  AN_OBUF[1]_inst/O
                         net (fo=0)                   0.000     3.486    AN[1]
    U4                                                                r  AN[1] (OUT)
  -------------------------------------------------------------------    -------------------

Slack:                    inf
  Source:                 seg_sel_reg[1]/C
                            (rising edge-triggered cell FDRE clocked by sys_clk_pin  {rise@0.000ns fall@5.000ns period=10.000ns})
  Destination:            AN[2]
                            (output port)
  Path Group:             (none)
  Path Type:              Min at Fast Process Corner
  Data Path Delay:        2.034ns  (logic 1.470ns (72.278%)  route 0.564ns (27.722%))
  Logic Levels:           2  (LUT2=1 OBUF=1)
  Clock Uncertainty:      0.025ns  ((TSJ^2 + TIJ^2)^1/2 + DJ) / 2 + PE
    Total System Jitter     (TSJ):    0.050ns
    Total Input Jitter      (TIJ):    0.000ns
    Discrete Jitter          (DJ):    0.000ns
    Phase Error              (PE):    0.000ns

    Location             Delay type                Incr(ns)  Path(ns)    Netlist Resource(s)
  -------------------------------------------------------------------    -------------------
                         (clock sys_clk_pin rise edge)
                                                      0.000     0.000 r  
    W5                                                0.000     0.000 r  clk (IN)
                         net (fo=0)                   0.000     0.000    clk
    W5                   IBUF (Prop_ibuf_I_O)         0.226     0.226 r  clk_IBUF_inst/O
                         net (fo=1, routed)           0.631     0.858    clk_IBUF
    BUFGCTRL_X0Y0        BUFG (Prop_bufg_I_O)         0.026     0.884 r  clk_IBUF_BUFG_inst/O
                         net (fo=150, routed)         0.583     1.466    clk_IBUF_BUFG
    SLICE_X64Y23         FDRE                                         r  seg_sel_reg[1]/C
  -------------------------------------------------------------------    -------------------
    SLICE_X64Y23         FDRE (Prop_fdre_C_Q)         0.148     1.614 r  seg_sel_reg[1]/Q
                         net (fo=5, routed)           0.123     1.737    seg_sel[1]
    SLICE_X64Y23         LUT2 (Prop_lut2_I0_O)        0.098     1.835 r  AN_OBUF[2]_inst_i_1/O
                         net (fo=1, routed)           0.441     2.276    AN_OBUF[2]
    V4                   OBUF (Prop_obuf_I_O)         1.224     3.500 r  AN_OBUF[2]_inst/O
                         net (fo=0)                   0.000     3.500    AN[2]
    V4                                                                r  AN[2] (OUT)
  -------------------------------------------------------------------    -------------------

Slack:                    inf
  Source:                 seg_sel_reg[1]/C
                            (rising edge-triggered cell FDRE clocked by sys_clk_pin  {rise@0.000ns fall@5.000ns period=10.000ns})
  Destination:            AN[3]
                            (output port)
  Path Group:             (none)
  Path Type:              Min at Fast Process Corner
  Data Path Delay:        2.074ns  (logic 1.533ns (73.926%)  route 0.541ns (26.074%))
  Logic Levels:           2  (LUT2=1 OBUF=1)
  Clock Uncertainty:      0.025ns  ((TSJ^2 + TIJ^2)^1/2 + DJ) / 2 + PE
    Total System Jitter     (TSJ):    0.050ns
    Total Input Jitter      (TIJ):    0.000ns
    Discrete Jitter          (DJ):    0.000ns
    Phase Error              (PE):    0.000ns

    Location             Delay type                Incr(ns)  Path(ns)    Netlist Resource(s)
  -------------------------------------------------------------------    -------------------
                         (clock sys_clk_pin rise edge)
                                                      0.000     0.000 r  
    W5                                                0.000     0.000 r  clk (IN)
                         net (fo=0)                   0.000     0.000    clk
    W5                   IBUF (Prop_ibuf_I_O)         0.226     0.226 r  clk_IBUF_inst/O
                         net (fo=1, routed)           0.631     0.858    clk_IBUF
    BUFGCTRL_X0Y0        BUFG (Prop_bufg_I_O)         0.026     0.884 r  clk_IBUF_BUFG_inst/O
                         net (fo=150, routed)         0.583     1.466    clk_IBUF_BUFG
    SLICE_X64Y23         FDRE                                         r  seg_sel_reg[1]/C
  -------------------------------------------------------------------    -------------------
    SLICE_X64Y23         FDRE (Prop_fdre_C_Q)         0.148     1.614 r  seg_sel_reg[1]/Q
                         net (fo=5, routed)           0.123     1.737    seg_sel[1]
    SLICE_X64Y23         LUT2 (Prop_lut2_I0_O)        0.101     1.838 r  AN_OBUF[3]_inst_i_1/O
                         net (fo=1, routed)           0.418     2.256    AN_OBUF[3]
    W4                   OBUF (Prop_obuf_I_O)         1.284     3.540 r  AN_OBUF[3]_inst/O
                         net (fo=0)                   0.000     3.540    AN[3]
    W4                                                                r  AN[3] (OUT)
  -------------------------------------------------------------------    -------------------

Slack:                    inf
  Source:                 seg_sel_reg[1]/C
                            (rising edge-triggered cell FDRE clocked by sys_clk_pin  {rise@0.000ns fall@5.000ns period=10.000ns})
  Destination:            AN[0]
                            (output port)
  Path Group:             (none)
  Path Type:              Min at Fast Process Corner
  Data Path Delay:        2.115ns  (logic 1.519ns (71.807%)  route 0.596ns (28.193%))
  Logic Levels:           2  (LUT2=1 OBUF=1)
  Clock Uncertainty:      0.025ns  ((TSJ^2 + TIJ^2)^1/2 + DJ) / 2 + PE
    Total System Jitter     (TSJ):    0.050ns
    Total Input Jitter      (TIJ):    0.000ns
    Discrete Jitter          (DJ):    0.000ns
    Phase Error              (PE):    0.000ns

    Location             Delay type                Incr(ns)  Path(ns)    Netlist Resource(s)
  -------------------------------------------------------------------    -------------------
                         (clock sys_clk_pin rise edge)
                                                      0.000     0.000 r  
    W5                                                0.000     0.000 r  clk (IN)
                         net (fo=0)                   0.000     0.000    clk
    W5                   IBUF (Prop_ibuf_I_O)         0.226     0.226 r  clk_IBUF_inst/O
                         net (fo=1, routed)           0.631     0.858    clk_IBUF
    BUFGCTRL_X0Y0        BUFG (Prop_bufg_I_O)         0.026     0.884 r  clk_IBUF_BUFG_inst/O
                         net (fo=150, routed)         0.583     1.466    clk_IBUF_BUFG
    SLICE_X64Y23         FDRE                                         r  seg_sel_reg[1]/C
  -------------------------------------------------------------------    -------------------
    SLICE_X64Y23         FDRE (Prop_fdre_C_Q)         0.148     1.614 f  seg_sel_reg[1]/Q
                         net (fo=5, routed)           0.119     1.733    seg_sel[1]
    SLICE_X64Y23         LUT2 (Prop_lut2_I0_O)        0.101     1.834 r  AN_OBUF[0]_inst_i_1/O
                         net (fo=1, routed)           0.478     2.312    AN_OBUF[0]
    U2                   OBUF (Prop_obuf_I_O)         1.270     3.582 r  AN_OBUF[0]_inst/O
                         net (fo=0)                   0.000     3.582    AN[0]
    U2                                                                r  AN[0] (OUT)
  -------------------------------------------------------------------    -------------------

Slack:                    inf
  Source:                 fsm/FSM_onehot_state_reg[12]/C
                            (rising edge-triggered cell FDRE clocked by sys_clk_pin  {rise@0.000ns fall@5.000ns period=10.000ns})
  Destination:            seg[0]
                            (output port)
  Path Group:             (none)
  Path Type:              Min at Fast Process Corner
  Data Path Delay:        2.224ns  (logic 1.528ns (68.728%)  route 0.695ns (31.272%))
  Logic Levels:           3  (LUT4=1 LUT6=1 OBUF=1)
  Clock Uncertainty:      0.025ns  ((TSJ^2 + TIJ^2)^1/2 + DJ) / 2 + PE
    Total System Jitter     (TSJ):    0.050ns
    Total Input Jitter      (TIJ):    0.000ns
    Discrete Jitter          (DJ):    0.000ns
    Phase Error              (PE):    0.000ns

    Location             Delay type                Incr(ns)  Path(ns)    Netlist Resource(s)
  -------------------------------------------------------------------    -------------------
                         (clock sys_clk_pin rise edge)
                                                      0.000     0.000 r  
    W5                                                0.000     0.000 r  clk (IN)
                         net (fo=0)                   0.000     0.000    clk
    W5                   IBUF (Prop_ibuf_I_O)         0.226     0.226 r  clk_IBUF_inst/O
                         net (fo=1, routed)           0.631     0.858    clk_IBUF
    BUFGCTRL_X0Y0        BUFG (Prop_bufg_I_O)         0.026     0.884 r  clk_IBUF_BUFG_inst/O
                         net (fo=150, routed)         0.595     1.478    fsm/clk_IBUF_BUFG
    SLICE_X63Y4          FDRE                                         r  fsm/FSM_onehot_state_reg[12]/C
  -------------------------------------------------------------------    -------------------
    SLICE_X63Y4          FDRE (Prop_fdre_C_Q)         0.141     1.619 f  fsm/FSM_onehot_state_reg[12]/Q
                         net (fo=4, routed)           0.119     1.738    fsm/p_0_in
    SLICE_X64Y4          LUT6 (Prop_lut6_I2_O)        0.045     1.783 r  fsm/seg_OBUF[6]_inst_i_3/O
                         net (fo=7, routed)           0.163     1.946    fsm/seg_OBUF[6]_inst_i_3_n_0
    SLICE_X65Y5          LUT4 (Prop_lut4_I1_O)        0.048     1.994 r  fsm/seg_OBUF[0]_inst_i_1/O
                         net (fo=1, routed)           0.413     2.408    seg_OBUF[0]
    U7                   OBUF (Prop_obuf_I_O)         1.294     3.702 r  seg_OBUF[0]_inst/O
                         net (fo=0)                   0.000     3.702    seg[0]
    U7                                                                r  seg[0] (OUT)
  -------------------------------------------------------------------    -------------------

Slack:                    inf
  Source:                 fsm/FSM_onehot_state_reg[12]/C
                            (rising edge-triggered cell FDRE clocked by sys_clk_pin  {rise@0.000ns fall@5.000ns period=10.000ns})
  Destination:            seg[2]
                            (output port)
  Path Group:             (none)
  Path Type:              Min at Fast Process Corner
  Data Path Delay:        2.240ns  (logic 1.452ns (64.821%)  route 0.788ns (35.179%))
  Logic Levels:           3  (LUT5=1 LUT6=1 OBUF=1)
  Clock Uncertainty:      0.025ns  ((TSJ^2 + TIJ^2)^1/2 + DJ) / 2 + PE
    Total System Jitter     (TSJ):    0.050ns
    Total Input Jitter      (TIJ):    0.000ns
    Discrete Jitter          (DJ):    0.000ns
    Phase Error              (PE):    0.000ns

    Location             Delay type                Incr(ns)  Path(ns)    Netlist Resource(s)
  -------------------------------------------------------------------    -------------------
                         (clock sys_clk_pin rise edge)
                                                      0.000     0.000 r  
    W5                                                0.000     0.000 r  clk (IN)
                         net (fo=0)                   0.000     0.000    clk
    W5                   IBUF (Prop_ibuf_I_O)         0.226     0.226 r  clk_IBUF_inst/O
                         net (fo=1, routed)           0.631     0.858    clk_IBUF
    BUFGCTRL_X0Y0        BUFG (Prop_bufg_I_O)         0.026     0.884 r  clk_IBUF_BUFG_inst/O
                         net (fo=150, routed)         0.595     1.478    fsm/clk_IBUF_BUFG
    SLICE_X63Y4          FDRE                                         r  fsm/FSM_onehot_state_reg[12]/C
  -------------------------------------------------------------------    -------------------
    SLICE_X63Y4          FDRE (Prop_fdre_C_Q)         0.141     1.619 f  fsm/FSM_onehot_state_reg[12]/Q
                         net (fo=4, routed)           0.119     1.738    fsm/p_0_in
    SLICE_X64Y4          LUT6 (Prop_lut6_I2_O)        0.045     1.783 r  fsm/seg_OBUF[6]_inst_i_3/O
                         net (fo=7, routed)           0.163     1.946    fsm/seg_OBUF[6]_inst_i_3_n_0
    SLICE_X65Y5          LUT5 (Prop_lut5_I0_O)        0.045     1.991 r  fsm/seg_OBUF[2]_inst_i_1/O
                         net (fo=1, routed)           0.506     2.497    seg_OBUF[2]
    U5                   OBUF (Prop_obuf_I_O)         1.221     3.718 r  seg_OBUF[2]_inst/O
                         net (fo=0)                   0.000     3.718    seg[2]
    U5                                                                r  seg[2] (OUT)
  -------------------------------------------------------------------    -------------------

Slack:                    inf
  Source:                 fsm/FSM_onehot_state_reg[12]/C
                            (rising edge-triggered cell FDRE clocked by sys_clk_pin  {rise@0.000ns fall@5.000ns period=10.000ns})
  Destination:            seg[3]
                            (output port)
  Path Group:             (none)
  Path Type:              Min at Fast Process Corner
  Data Path Delay:        2.321ns  (logic 1.467ns (63.231%)  route 0.853ns (36.769%))
  Logic Levels:           3  (LUT4=1 LUT6=1 OBUF=1)
  Clock Uncertainty:      0.025ns  ((TSJ^2 + TIJ^2)^1/2 + DJ) / 2 + PE
    Total System Jitter     (TSJ):    0.050ns
    Total Input Jitter      (TIJ):    0.000ns
    Discrete Jitter          (DJ):    0.000ns
    Phase Error              (PE):    0.000ns

    Location             Delay type                Incr(ns)  Path(ns)    Netlist Resource(s)
  -------------------------------------------------------------------    -------------------
                         (clock sys_clk_pin rise edge)
                                                      0.000     0.000 r  
    W5                                                0.000     0.000 r  clk (IN)
                         net (fo=0)                   0.000     0.000    clk
    W5                   IBUF (Prop_ibuf_I_O)         0.226     0.226 r  clk_IBUF_inst/O
                         net (fo=1, routed)           0.631     0.858    clk_IBUF
    BUFGCTRL_X0Y0        BUFG (Prop_bufg_I_O)         0.026     0.884 r  clk_IBUF_BUFG_inst/O
                         net (fo=150, routed)         0.595     1.478    fsm/clk_IBUF_BUFG
    SLICE_X63Y4          FDRE                                         r  fsm/FSM_onehot_state_reg[12]/C
  -------------------------------------------------------------------    -------------------
    SLICE_X63Y4          FDRE (Prop_fdre_C_Q)         0.141     1.619 f  fsm/FSM_onehot_state_reg[12]/Q
                         net (fo=4, routed)           0.119     1.738    fsm/p_0_in
    SLICE_X64Y4          LUT6 (Prop_lut6_I2_O)        0.045     1.783 r  fsm/seg_OBUF[6]_inst_i_3/O
                         net (fo=7, routed)           0.164     1.947    fsm/seg_OBUF[6]_inst_i_3_n_0
    SLICE_X65Y5          LUT4 (Prop_lut4_I3_O)        0.045     1.992 r  fsm/seg_OBUF[3]_inst_i_1/O
                         net (fo=1, routed)           0.570     2.562    seg_OBUF[3]
    V8                   OBUF (Prop_obuf_I_O)         1.236     3.799 r  seg_OBUF[3]_inst/O
                         net (fo=0)                   0.000     3.799    seg[3]
    V8                                                                r  seg[3] (OUT)
  -------------------------------------------------------------------    -------------------

Slack:                    inf
  Source:                 fsm/FSM_onehot_state_reg[11]/C
                            (rising edge-triggered cell FDRE clocked by sys_clk_pin  {rise@0.000ns fall@5.000ns period=10.000ns})
  Destination:            seg[1]
                            (output port)
  Path Group:             (none)
  Path Type:              Min at Fast Process Corner
  Data Path Delay:        2.388ns  (logic 1.500ns (62.806%)  route 0.888ns (37.194%))
  Logic Levels:           3  (LUT4=1 LUT6=1 OBUF=1)
  Clock Uncertainty:      0.025ns  ((TSJ^2 + TIJ^2)^1/2 + DJ) / 2 + PE
    Total System Jitter     (TSJ):    0.050ns
    Total Input Jitter      (TIJ):    0.000ns
    Discrete Jitter          (DJ):    0.000ns
    Phase Error              (PE):    0.000ns

    Location             Delay type                Incr(ns)  Path(ns)    Netlist Resource(s)
  -------------------------------------------------------------------    -------------------
                         (clock sys_clk_pin rise edge)
                                                      0.000     0.000 r  
    W5                                                0.000     0.000 r  clk (IN)
                         net (fo=0)                   0.000     0.000    clk
    W5                   IBUF (Prop_ibuf_I_O)         0.226     0.226 r  clk_IBUF_inst/O
                         net (fo=1, routed)           0.631     0.858    clk_IBUF
    BUFGCTRL_X0Y0        BUFG (Prop_bufg_I_O)         0.026     0.884 r  clk_IBUF_BUFG_inst/O
                         net (fo=150, routed)         0.595     1.478    fsm/clk_IBUF_BUFG
    SLICE_X63Y5          FDRE                                         r  fsm/FSM_onehot_state_reg[11]/C
  -------------------------------------------------------------------    -------------------
    SLICE_X63Y5          FDRE (Prop_fdre_C_Q)         0.141     1.619 f  fsm/FSM_onehot_state_reg[11]/Q
                         net (fo=6, routed)           0.145     1.764    fsm/next_btm_dir
    SLICE_X64Y5          LUT6 (Prop_lut6_I1_O)        0.045     1.809 r  fsm/seg_OBUF[6]_inst_i_4/O
                         net (fo=7, routed)           0.241     2.050    fsm/seg_OBUF[6]_inst_i_4_n_0
    SLICE_X65Y5          LUT4 (Prop_lut4_I1_O)        0.043     2.093 r  fsm/seg_OBUF[1]_inst_i_1/O
                         net (fo=1, routed)           0.502     2.595    seg_OBUF[1]
    V5                   OBUF (Prop_obuf_I_O)         1.271     3.866 r  seg_OBUF[1]_inst/O
                         net (fo=0)                   0.000     3.866    seg[1]
    V5                                                                r  seg[1] (OUT)
  -------------------------------------------------------------------    -------------------

Slack:                    inf
  Source:                 fsm/FSM_onehot_state_reg[12]/C
                            (rising edge-triggered cell FDRE clocked by sys_clk_pin  {rise@0.000ns fall@5.000ns period=10.000ns})
  Destination:            seg[5]
                            (output port)
  Path Group:             (none)
  Path Type:              Min at Fast Process Corner
  Data Path Delay:        2.400ns  (logic 1.532ns (63.829%)  route 0.868ns (36.171%))
  Logic Levels:           3  (LUT4=1 LUT6=1 OBUF=1)
  Clock Uncertainty:      0.025ns  ((TSJ^2 + TIJ^2)^1/2 + DJ) / 2 + PE
    Total System Jitter     (TSJ):    0.050ns
    Total Input Jitter      (TIJ):    0.000ns
    Discrete Jitter          (DJ):    0.000ns
    Phase Error              (PE):    0.000ns

    Location             Delay type                Incr(ns)  Path(ns)    Netlist Resource(s)
  -------------------------------------------------------------------    -------------------
                         (clock sys_clk_pin rise edge)
                                                      0.000     0.000 r  
    W5                                                0.000     0.000 r  clk (IN)
                         net (fo=0)                   0.000     0.000    clk
    W5                   IBUF (Prop_ibuf_I_O)         0.226     0.226 r  clk_IBUF_inst/O
                         net (fo=1, routed)           0.631     0.858    clk_IBUF
    BUFGCTRL_X0Y0        BUFG (Prop_bufg_I_O)         0.026     0.884 r  clk_IBUF_BUFG_inst/O
                         net (fo=150, routed)         0.595     1.478    fsm/clk_IBUF_BUFG
    SLICE_X63Y4          FDRE                                         r  fsm/FSM_onehot_state_reg[12]/C
  -------------------------------------------------------------------    -------------------
    SLICE_X63Y4          FDRE (Prop_fdre_C_Q)         0.141     1.619 f  fsm/FSM_onehot_state_reg[12]/Q
                         net (fo=4, routed)           0.119     1.738    fsm/p_0_in
    SLICE_X64Y4          LUT6 (Prop_lut6_I2_O)        0.045     1.783 r  fsm/seg_OBUF[6]_inst_i_3/O
                         net (fo=7, routed)           0.164     1.947    fsm/seg_OBUF[6]_inst_i_3_n_0
    SLICE_X65Y5          LUT4 (Prop_lut4_I2_O)        0.049     1.996 r  fsm/seg_OBUF[5]_inst_i_1/O
                         net (fo=1, routed)           0.585     2.581    seg_OBUF[5]
    W6                   OBUF (Prop_obuf_I_O)         1.297     3.878 r  seg_OBUF[5]_inst/O
                         net (fo=0)                   0.000     3.878    seg[5]
    W6                                                                r  seg[5] (OUT)
  -------------------------------------------------------------------    -------------------

Slack:                    inf
  Source:                 fsm/FSM_onehot_state_reg[11]/C
                            (rising edge-triggered cell FDRE clocked by sys_clk_pin  {rise@0.000ns fall@5.000ns period=10.000ns})
  Destination:            seg[6]
                            (output port)
  Path Group:             (none)
  Path Type:              Min at Fast Process Corner
  Data Path Delay:        2.419ns  (logic 1.443ns (59.651%)  route 0.976ns (40.349%))
  Logic Levels:           3  (LUT4=1 LUT6=1 OBUF=1)
  Clock Uncertainty:      0.025ns  ((TSJ^2 + TIJ^2)^1/2 + DJ) / 2 + PE
    Total System Jitter     (TSJ):    0.050ns
    Total Input Jitter      (TIJ):    0.000ns
    Discrete Jitter          (DJ):    0.000ns
    Phase Error              (PE):    0.000ns

    Location             Delay type                Incr(ns)  Path(ns)    Netlist Resource(s)
  -------------------------------------------------------------------    -------------------
                         (clock sys_clk_pin rise edge)
                                                      0.000     0.000 r  
    W5                                                0.000     0.000 r  clk (IN)
                         net (fo=0)                   0.000     0.000    clk
    W5                   IBUF (Prop_ibuf_I_O)         0.226     0.226 r  clk_IBUF_inst/O
                         net (fo=1, routed)           0.631     0.858    clk_IBUF
    BUFGCTRL_X0Y0        BUFG (Prop_bufg_I_O)         0.026     0.884 r  clk_IBUF_BUFG_inst/O
                         net (fo=150, routed)         0.595     1.478    fsm/clk_IBUF_BUFG
    SLICE_X63Y5          FDRE                                         r  fsm/FSM_onehot_state_reg[11]/C
  -------------------------------------------------------------------    -------------------
    SLICE_X63Y5          FDRE (Prop_fdre_C_Q)         0.141     1.619 f  fsm/FSM_onehot_state_reg[11]/Q
                         net (fo=6, routed)           0.145     1.764    fsm/next_btm_dir
    SLICE_X64Y5          LUT6 (Prop_lut6_I1_O)        0.045     1.809 r  fsm/seg_OBUF[6]_inst_i_4/O
                         net (fo=7, routed)           0.241     2.050    fsm/seg_OBUF[6]_inst_i_4_n_0
    SLICE_X65Y5          LUT4 (Prop_lut4_I2_O)        0.045     2.095 r  fsm/seg_OBUF[6]_inst_i_1/O
                         net (fo=1, routed)           0.590     2.685    seg_OBUF[6]
    W7                   OBUF (Prop_obuf_I_O)         1.212     3.897 r  seg_OBUF[6]_inst/O
                         net (fo=0)                   0.000     3.897    seg[6]
    W7                                                                r  seg[6] (OUT)
  -------------------------------------------------------------------    -------------------





--------------------------------------------------------------------------------------
Path Group:  (none)
From Clock:  
  To Clock:  sys_clk_pin

Max Delay             3 Endpoints
Min Delay             3 Endpoints
--------------------------------------------------------------------------------------


Max Delay Paths
--------------------------------------------------------------------------------------
Slack:                    inf
  Source:                 rx
                            (input port)
  Destination:            uart/uart_rx/rx_sync1_reg/D
                            (rising edge-triggered cell FDSE clocked by sys_clk_pin  {rise@0.000ns fall@5.000ns period=10.000ns})
  Path Group:             (none)
  Path Type:              Setup (Max at Slow Process Corner)
  Data Path Delay:        6.874ns  (logic 1.456ns (21.183%)  route 5.418ns (78.817%))
  Logic Levels:           1  (IBUF=1)
  Clock Path Skew:        4.792ns (DCD - SCD + CPR)
    Destination Clock Delay (DCD):    4.792ns
    Source Clock Delay      (SCD):    0.000ns
    Clock Pessimism Removal (CPR):    0.000ns
  Clock Uncertainty:      0.025ns  ((TSJ^2 + TIJ^2)^1/2 + DJ) / 2 + PE
    Total System Jitter     (TSJ):    0.050ns
    Total Input Jitter      (TIJ):    0.000ns
    Discrete Jitter          (DJ):    0.000ns
    Phase Error              (PE):    0.000ns

    Location             Delay type                Incr(ns)  Path(ns)    Netlist Resource(s)
  -------------------------------------------------------------------    -------------------
    B18                                               0.000     0.000 r  rx (IN)
                         net (fo=0)                   0.000     0.000    rx
    B18                  IBUF (Prop_ibuf_I_O)         1.456     1.456 r  rx_IBUF_inst/O
                         net (fo=1, routed)           5.418     6.874    uart/uart_rx/rx_IBUF
    SLICE_X55Y7          FDSE                                         r  uart/uart_rx/rx_sync1_reg/D
  -------------------------------------------------------------------    -------------------

                         (clock sys_clk_pin rise edge)
                                                      0.000     0.000 r  
    W5                                                0.000     0.000 r  clk (IN)
                         net (fo=0)                   0.000     0.000    clk
    W5                   IBUF (Prop_ibuf_I_O)         1.388     1.388 r  clk_IBUF_inst/O
                         net (fo=1, routed)           1.862     3.250    clk_IBUF
    BUFGCTRL_X0Y0        BUFG (Prop_bufg_I_O)         0.091     3.341 r  clk_IBUF_BUFG_inst/O
                         net (fo=150, routed)         1.451     4.792    uart/uart_rx/clk_IBUF_BUFG
    SLICE_X55Y7          FDSE                                         r  uart/uart_rx/rx_sync1_reg/C

Slack:                    inf
  Source:                 start
                            (input port)
  Destination:            d2/DFF_reg[0]/D
                            (rising edge-triggered cell FDRE clocked by sys_clk_pin  {rise@0.000ns fall@5.000ns period=10.000ns})
  Path Group:             (none)
  Path Type:              Setup (Max at Slow Process Corner)
  Data Path Delay:        4.315ns  (logic 1.452ns (33.658%)  route 2.863ns (66.342%))
  Logic Levels:           1  (IBUF=1)
  Clock Path Skew:        4.858ns (DCD - SCD + CPR)
    Destination Clock Delay (DCD):    4.858ns
    Source Clock Delay      (SCD):    0.000ns
    Clock Pessimism Removal (CPR):    0.000ns
  Clock Uncertainty:      0.025ns  ((TSJ^2 + TIJ^2)^1/2 + DJ) / 2 + PE
    Total System Jitter     (TSJ):    0.050ns
    Total Input Jitter      (TIJ):    0.000ns
    Discrete Jitter          (DJ):    0.000ns
    Phase Error              (PE):    0.000ns

    Location             Delay type                Incr(ns)  Path(ns)    Netlist Resource(s)
  -------------------------------------------------------------------    -------------------
    U17                                               0.000     0.000 r  start (IN)
                         net (fo=0)                   0.000     0.000    start
    U17                  IBUF (Prop_ibuf_I_O)         1.452     1.452 r  start_IBUF_inst/O
                         net (fo=2, routed)           2.863     4.315    d2/D[0]
    SLICE_X65Y9          FDRE                                         r  d2/DFF_reg[0]/D
  -------------------------------------------------------------------    -------------------

                         (clock sys_clk_pin rise edge)
                                                      0.000     0.000 r  
    W5                                                0.000     0.000 r  clk (IN)
                         net (fo=0)                   0.000     0.000    clk
    W5                   IBUF (Prop_ibuf_I_O)         1.388     1.388 r  clk_IBUF_inst/O
                         net (fo=1, routed)           1.862     3.250    clk_IBUF
    BUFGCTRL_X0Y0        BUFG (Prop_bufg_I_O)         0.091     3.341 r  clk_IBUF_BUFG_inst/O
                         net (fo=150, routed)         1.517     4.858    d2/clk_IBUF_BUFG
    SLICE_X65Y9          FDRE                                         r  d2/DFF_reg[0]/C

Slack:                    inf
  Source:                 reset
                            (input port)
  Destination:            d0/DFF_reg[0]/D
                            (rising edge-triggered cell FDRE clocked by sys_clk_pin  {rise@0.000ns fall@5.000ns period=10.000ns})
  Path Group:             (none)
  Path Type:              Setup (Max at Slow Process Corner)
  Data Path Delay:        3.895ns  (logic 1.441ns (37.000%)  route 2.454ns (63.000%))
  Logic Levels:           1  (IBUF=1)
  Clock Path Skew:        4.792ns (DCD - SCD + CPR)
    Destination Clock Delay (DCD):    4.792ns
    Source Clock Delay      (SCD):    0.000ns
    Clock Pessimism Removal (CPR):    0.000ns
  Clock Uncertainty:      0.025ns  ((TSJ^2 + TIJ^2)^1/2 + DJ) / 2 + PE
    Total System Jitter     (TSJ):    0.050ns
    Total Input Jitter      (TIJ):    0.000ns
    Discrete Jitter          (DJ):    0.000ns
    Phase Error              (PE):    0.000ns

    Location             Delay type                Incr(ns)  Path(ns)    Netlist Resource(s)
  -------------------------------------------------------------------    -------------------
    U18                                               0.000     0.000 r  reset (IN)
                         net (fo=0)                   0.000     0.000    reset
    U18                  IBUF (Prop_ibuf_I_O)         1.441     1.441 r  reset_IBUF_inst/O
                         net (fo=1, routed)           2.454     3.895    d0/D[0]
    SLICE_X55Y8          FDRE                                         r  d0/DFF_reg[0]/D
  -------------------------------------------------------------------    -------------------

                         (clock sys_clk_pin rise edge)
                                                      0.000     0.000 r  
    W5                                                0.000     0.000 r  clk (IN)
                         net (fo=0)                   0.000     0.000    clk
    W5                   IBUF (Prop_ibuf_I_O)         1.388     1.388 r  clk_IBUF_inst/O
                         net (fo=1, routed)           1.862     3.250    clk_IBUF
    BUFGCTRL_X0Y0        BUFG (Prop_bufg_I_O)         0.091     3.341 r  clk_IBUF_BUFG_inst/O
                         net (fo=150, routed)         1.451     4.792    d0/clk_IBUF_BUFG
    SLICE_X55Y8          FDRE                                         r  d0/DFF_reg[0]/C





Min Delay Paths
--------------------------------------------------------------------------------------
Slack:                    inf
  Source:                 reset
                            (input port)
  Destination:            d0/DFF_reg[0]/D
                            (rising edge-triggered cell FDRE clocked by sys_clk_pin  {rise@0.000ns fall@5.000ns period=10.000ns})
  Path Group:             (none)
  Path Type:              Hold (Min at Fast Process Corner)
  Data Path Delay:        1.337ns  (logic 0.210ns (15.675%)  route 1.127ns (84.325%))
  Logic Levels:           1  (IBUF=1)
  Clock Path Skew:        1.963ns (DCD - SCD - CPR)
    Destination Clock Delay (DCD):    1.963ns
    Source Clock Delay      (SCD):    0.000ns
    Clock Pessimism Removal (CPR):    -0.000ns

    Location             Delay type                Incr(ns)  Path(ns)    Netlist Resource(s)
  -------------------------------------------------------------------    -------------------
    U18                                               0.000     0.000 r  reset (IN)
                         net (fo=0)                   0.000     0.000    reset
    U18                  IBUF (Prop_ibuf_I_O)         0.210     0.210 r  reset_IBUF_inst/O
                         net (fo=1, routed)           1.127     1.337    d0/D[0]
    SLICE_X55Y8          FDRE                                         r  d0/DFF_reg[0]/D
  -------------------------------------------------------------------    -------------------

                         (clock sys_clk_pin rise edge)
                                                      0.000     0.000 r  
    W5                                                0.000     0.000 r  clk (IN)
                         net (fo=0)                   0.000     0.000    clk
    W5                   IBUF (Prop_ibuf_I_O)         0.414     0.414 r  clk_IBUF_inst/O
                         net (fo=1, routed)           0.685     1.099    clk_IBUF
    BUFGCTRL_X0Y0        BUFG (Prop_bufg_I_O)         0.029     1.128 r  clk_IBUF_BUFG_inst/O
                         net (fo=150, routed)         0.836     1.963    d0/clk_IBUF_BUFG
    SLICE_X55Y8          FDRE                                         r  d0/DFF_reg[0]/C

Slack:                    inf
  Source:                 start
                            (input port)
  Destination:            d2/DFF_reg[0]/D
                            (rising edge-triggered cell FDRE clocked by sys_clk_pin  {rise@0.000ns fall@5.000ns period=10.000ns})
  Path Group:             (none)
  Path Type:              Hold (Min at Fast Process Corner)
  Data Path Delay:        1.559ns  (logic 0.221ns (14.144%)  route 1.339ns (85.856%))
  Logic Levels:           1  (IBUF=1)
  Clock Path Skew:        1.992ns (DCD - SCD - CPR)
    Destination Clock Delay (DCD):    1.992ns
    Source Clock Delay      (SCD):    0.000ns
    Clock Pessimism Removal (CPR):    -0.000ns

    Location             Delay type                Incr(ns)  Path(ns)    Netlist Resource(s)
  -------------------------------------------------------------------    -------------------
    U17                                               0.000     0.000 r  start (IN)
                         net (fo=0)                   0.000     0.000    start
    U17                  IBUF (Prop_ibuf_I_O)         0.221     0.221 r  start_IBUF_inst/O
                         net (fo=2, routed)           1.339     1.559    d2/D[0]
    SLICE_X65Y9          FDRE                                         r  d2/DFF_reg[0]/D
  -------------------------------------------------------------------    -------------------

                         (clock sys_clk_pin rise edge)
                                                      0.000     0.000 r  
    W5                                                0.000     0.000 r  clk (IN)
                         net (fo=0)                   0.000     0.000    clk
    W5                   IBUF (Prop_ibuf_I_O)         0.414     0.414 r  clk_IBUF_inst/O
                         net (fo=1, routed)           0.685     1.099    clk_IBUF
    BUFGCTRL_X0Y0        BUFG (Prop_bufg_I_O)         0.029     1.128 r  clk_IBUF_BUFG_inst/O
                         net (fo=150, routed)         0.865     1.992    d2/clk_IBUF_BUFG
    SLICE_X65Y9          FDRE                                         r  d2/DFF_reg[0]/C

Slack:                    inf
  Source:                 rx
                            (input port)
  Destination:            uart/uart_rx/rx_sync1_reg/D
                            (rising edge-triggered cell FDSE clocked by sys_clk_pin  {rise@0.000ns fall@5.000ns period=10.000ns})
  Path Group:             (none)
  Path Type:              Hold (Min at Fast Process Corner)
  Data Path Delay:        2.618ns  (logic 0.224ns (8.566%)  route 2.394ns (91.434%))
  Logic Levels:           1  (IBUF=1)
  Clock Path Skew:        1.963ns (DCD - SCD - CPR)
    Destination Clock Delay (DCD):    1.963ns
    Source Clock Delay      (SCD):    0.000ns
    Clock Pessimism Removal (CPR):    -0.000ns

    Location             Delay type                Incr(ns)  Path(ns)    Netlist Resource(s)
  -------------------------------------------------------------------    -------------------
    B18                                               0.000     0.000 r  rx (IN)
                         net (fo=0)                   0.000     0.000    rx
    B18                  IBUF (Prop_ibuf_I_O)         0.224     0.224 r  rx_IBUF_inst/O
                         net (fo=1, routed)           2.394     2.618    uart/uart_rx/rx_IBUF
    SLICE_X55Y7          FDSE                                         r  uart/uart_rx/rx_sync1_reg/D
  -------------------------------------------------------------------    -------------------

                         (clock sys_clk_pin rise edge)
                                                      0.000     0.000 r  
    W5                                                0.000     0.000 r  clk (IN)
                         net (fo=0)                   0.000     0.000    clk
    W5                   IBUF (Prop_ibuf_I_O)         0.414     0.414 r  clk_IBUF_inst/O
                         net (fo=1, routed)           0.685     1.099    clk_IBUF
    BUFGCTRL_X0Y0        BUFG (Prop_bufg_I_O)         0.029     1.128 r  clk_IBUF_BUFG_inst/O
                         net (fo=150, routed)         0.836     1.963    uart/uart_rx/clk_IBUF_BUFG
    SLICE_X55Y7          FDSE                                         r  uart/uart_rx/rx_sync1_reg/C





